pose_0_x,pose_0_y,pose_0_z,pose_1_x,pose_1_y,pose_1_z,pose_2_x,pose_2_y,pose_2_z,pose_3_x,pose_3_y,pose_3_z,pose_4_x,pose_4_y,pose_4_z,pose_5_x,pose_5_y,pose_5_z,pose_6_x,pose_6_y,pose_6_z,pose_7_x,pose_7_y,pose_7_z,pose_8_x,pose_8_y,pose_8_z,pose_9_x,pose_9_y,pose_9_z,pose_10_x,pose_10_y,pose_10_z,pose_11_x,pose_11_y,pose_11_z,pose_12_x,pose_12_y,pose_12_z,pose_13_x,pose_13_y,pose_13_z,pose_14_x,pose_14_y,pose_14_z,pose_15_x,pose_15_y,pose_15_z,pose_16_x,pose_16_y,pose_16_z,pose_17_x,pose_17_y,pose_17_z,pose_18_x,pose_18_y,pose_18_z,pose_19_x,pose_19_y,pose_19_z,pose_20_x,pose_20_y,pose_20_z,pose_21_x,pose_21_y,pose_21_z,pose_22_x,pose_22_y,pose_22_z,pose_23_x,pose_23_y,pose_23_z,pose_24_x,pose_24_y,pose_24_z,pose_25_x,pose_25_y,pose_25_z,pose_26_x,pose_26_y,pose_26_z,pose_27_x,pose_27_y,pose_27_z,pose_28_x,pose_28_y,pose_28_z,pose_29_x,pose_29_y,pose_29_z,pose_30_x,pose_30_y,pose_30_z,pose_31_x,pose_31_y,pose_31_z,pose_32_x,pose_32_y,pose_32_z
0.00759,0.60266,-0.34156,0.02437,0.62556,-0.33187,0.02578,0.62471,-0.31973,0.02531,0.62491,-0.32431,0.00075,0.63706,-0.34833,0.00079,0.63469,-0.36117,0.00638,0.62125,-0.34131,0.07167,0.62128,-0.22165,-0.07027,0.57861,-0.24385,0.03871,0.59576,-0.28893,0.00156,0.56211,-0.32047,0.16156,0.45831,-0.08651,-0.14112,0.51513,-0.09168,0.20754,0.2498,-0.04668,-0.18787,0.2227,-0.12775,0.21974,0.01857,-0.01392,-0.17437,0.00067,-0.18317,0.21002,-0.0354,-0.0056,-0.14962,-0.05091,-0.22732,0.17517,-0.04893,-0.03016,-0.10272,-0.03428,-0.24323,0.20936,-0.01583,-0.02041,-0.15364,-0.00672,-0.19802,0.09417,-0.00133,0.04457,-0.0916,0.00401,-0.04322,0.1206,-0.39436,0.07115,-0.05365,-0.3056,-0.0089,0.10795,-0.6729,0.28325,-0.11037,-0.64168,0.20161,0.08851,-0.70371,0.30819,-0.11482,-0.67074,0.18027,0.13942,-0.7437,0.26409,-0.09392,-0.70449,0.09492
0.00862,0.60103,-0.33972,0.02524,0.62435,-0.33071,0.02653,0.62354,-0.31865,0.02608,0.62381,-0.32331,0.00189,0.63606,-0.34736,0.00175,0.63361,-0.36021,0.00749,0.62015,-0.34028,0.07167,0.62137,-0.22133,-0.06858,0.57856,-0.24385,0.03932,0.59532,-0.28727,0.00273,0.56147,-0.31891,0.16143,0.46035,-0.08605,-0.1392,0.51662,-0.09449,0.20809,0.25229,-0.04746,-0.18374,0.22268,-0.14116,0.22838,0.02068,-0.01605,-0.17089,0.00065,-0.2017,0.22166,-0.03179,-0.00797,-0.14834,-0.05038,-0.24908,0.18654,-0.04673,-0.03265,-0.10087,-0.03398,-0.26358,0.21927,-0.01407,-0.02251,-0.15091,-0.00675,-0.21634,0.09346,-0.00124,0.04536,-0.09082,0.00394,-0.04399,0.11968,-0.3902,0.08346,-0.0564,-0.30792,-0.00944,0.10866,-0.67419,0.28575,-0.10913,-0.64247,0.20162,0.08954,-0.70568,0.31008,-0.11335,-0.67131,0.18031,0.14817,-0.74295,0.27061,-0.09413,-0.70574,0.10332
0.00934,0.59619,-0.3402,0.02565,0.61977,-0.33152,0.02688,0.61882,-0.31947,0.02642,0.61918,-0.32416,0.00229,0.63129,-0.34814,0.00207,0.62876,-0.36099,0.0079,0.6153,-0.34101,0.0717,0.62058,-0.22244,-0.06816,0.57606,-0.24515,0.0401,0.59254,-0.28776,0.00374,0.55804,-0.31926,0.16141,0.46091,-0.08655,-0.13709,0.51661,-0.09753,0.20489,0.25233,-0.04875,-0.18035,0.22018,-0.14484,0.22798,0.02066,-0.01612,-0.16521,-0.00182,-0.20403,0.22136,-0.0318,-0.00799,-0.143,-0.052,-0.25169,0.18596,-0.04676,-0.03266,-0.09484,-0.03543,-0.26612,0.219,-0.01412,-0.02253,-0.14529,-0.00928,-0.21857,0.09302,-0.00116,0.04544,-0.09036,0.00386,-0.04408,0.11946,-0.38817,0.08554,-0.05683,-0.30934,-0.00924,0.10963,-0.67542,0.28575,-0.10499,-0.64246,0.20407,0.09083,-0.70749,0.31006,-0.10879,-0.67124,0.18316,0.15191,-0.74227,0.2708,-0.09394,-0.70526,0.11252
0.00914,0.59626,-0.33749,0.02507,0.62005,-0.3291,0.0262,0.61913,-0.31704,0.0258,0.61949,-0.32188,0.00187,0.63158,-0.34641,0.00157,0.62899,-0.35933,0.00744,0.61552,-0.33933,0.06795,0.62186,-0.2206,-0.06933,0.57642,-0.24514,0.03933,0.59289,-0.28492,0.0033,0.55822,-0.31735,0.15631,0.46379,-0.08383,-0.13769,0.51739,-0.10032,0.2023,0.25632,-0.0469,-0.18073,0.22026,-0.15276,0.22535,0.02357,-0.01524,-0.16519,-0.00161,-0.20998,0.21874,-0.02848,-0.00719,-0.14296,-0.05096,-0.25806,0.18278,-0.04426,-0.03162,-0.09459,-0.03449,-0.27109,0.21645,-0.01145,-0.02155,-0.1453,-0.00899,-0.22391,0.09233,-0.00097,0.04692,-0.08967,0.00371,-0.04553,0.11696,-0.38519,0.09355,-0.05682,-0.31057,-0.00924,0.10709,-0.67538,0.29243,-0.10508,-0.64278,0.20559,0.08802,-0.70747,0.31658,-0.109,-0.67147,0.18504,0.15154,-0.74161,0.2805,-0.09387,-0.70668,0.11686
0.00774,0.5962,-0.33753,0.02344,0.62005,-0.32913,0.02446,0.61915,-0.31707,0.02408,0.6195,-0.32191,0.00029,0.63161,-0.34645,-6e-05,0.62902,-0.35937,0.00588,0.61555,-0.33937,0.06546,0.62192,-0.22081,-0.07088,0.57644,-0.2458,0.03764,0.59284,-0.28497,0.00186,0.5582,-0.31738,0.15333,0.46493,-0.08384,-0.13844,0.51767,-0.10225,0.2005,0.25723,-0.04695,-0.18146,0.22015,-0.15416,0.22113,0.02556,-0.01536,-0.16496,-0.00152,-0.21114,0.21332,-0.02619,-0.00739,-0.14218,-0.05039,-0.25923,0.1774,-0.04155,-0.03167,-0.09362,-0.03336,-0.27195,0.21205,-0.00931,-0.0216,-0.14497,-0.00874,-0.22487,0.0919,-0.00075,0.04751,-0.08926,0.00348,-0.04611,0.11693,-0.38368,0.09406,-0.0568,-0.31129,-0.00901,0.1068,-0.673,0.29544,-0.10513,-0.64255,0.21178,0.08765,-0.70516,0.31997,-0.1091,-0.67109,0.19226,0.15109,-0.73795,0.2845,-0.09311,-0.70667,0.12477
0.00777,0.59613,-0.33608,0.02334,0.62005,-0.32786,0.02433,0.61915,-0.31581,0.02395,0.61949,-0.32067,0.00023,0.63159,-0.34564,-0.00016,0.62898,-0.35855,0.00582,0.6155,-0.33858,0.06352,0.62225,-0.21934,-0.07189,0.57643,-0.24587,0.03752,0.59286,-0.28323,0.00182,0.55815,-0.31628,0.14987,0.46724,-0.08104,-0.13893,0.51779,-0.10331,0.19332,0.26001,-0.04113,-0.18188,0.21965,-0.15356,0.21354,0.02766,-0.00614,-0.16376,-0.00155,-0.20979,0.20513,-0.02357,0.00312,-0.14017,-0.05001,-0.25742,0.17183,-0.03935,-0.02045,-0.09129,-0.03282,-0.27078,0.20541,-0.00721,-0.01181,-0.14381,-0.00871,-0.2238,0.09139,-0.00059,0.04838,-0.08877,0.00331,-0.04696,0.11693,-0.38294,0.09465,-0.0561,-0.31302,-0.00828,0.10672,-0.67084,0.29977,-0.10506,-0.64194,0.21746,0.08756,-0.70294,0.32484,-0.10914,-0.67017,0.19853,0.1509,-0.73395,0.29164,-0.09152,-0.70616,0.13168
0.00786,0.59608,-0.33506,0.02328,0.62003,-0.32691,0.02424,0.61915,-0.31486,0.02388,0.61947,-0.31973,0.00016,0.63152,-0.34492,-0.00026,0.62888,-0.35781,0.00573,0.61539,-0.33786,0.06278,0.62253,-0.21815,-0.07258,0.57618,-0.24583,0.03752,0.59287,-0.28196,0.00182,0.55806,-0.31522,0.14872,0.46843,-0.07847,-0.13895,0.51787,-0.10415,0.18734,0.26147,-0.03617,-0.18197,0.21964,-0.15275,0.20803,0.02825,0.00345,-0.16252,-0.00149,-0.20933,0.19937,-0.02223,0.01448,-0.13853,-0.04876,-0.25676,0.16908,-0.03843,-0.00887,-0.08927,-0.03157,-0.26969,0.20108,-0.00654,-0.00182,-0.14274,-0.00847,-0.22277,0.09096,-0.00057,0.04883,-0.08838,0.0033,-0.04737,0.11699,-0.38301,0.09544,-0.05605,-0.31569,-0.00544,0.10848,-0.66972,0.30372,-0.10505,-0.64023,0.2239,0.08965,-0.70171,0.32928,-0.10919,-0.66782,0.2053,0.15491,-0.7324,0.29882,-0.09053,-0.70476,0.13967
0.00874,0.59612,-0.33079,0.02351,0.62006,-0.32242,0.02446,0.6192,-0.31039,0.0241,0.61951,-0.31526,0.00043,0.63155,-0.34109,-4e-05,0.62892,-0.35392,0.006,0.61543,-0.33403,0.06234,0.62289,-0.21343,-0.07286,0.57611,-0.24456,0.03779,0.59309,-0.2775,0.00222,0.55809,-0.31149,0.14757,0.46949,-0.07351,-0.13897,0.51788,-0.10404,0.18405,0.26248,-0.02884,-0.18165,0.21932,-0.15223,0.20392,0.02852,0.01289,-0.15995,-0.00147,-0.20739,0.19475,-0.02165,0.02509,-0.13575,-0.04805,-0.25543,0.16625,-0.03799,0.00175,-0.0867,-0.03075,-0.26699,0.19749,-0.00621,0.00773,-0.14062,-0.00837,-0.22027,0.09062,-0.00049,0.04919,-0.08806,0.00322,-0.0477,0.11845,-0.38263,0.0952,-0.05576,-0.3167,-0.00495,0.11185,-0.66759,0.30458,-0.10374,-0.63839,0.22575,0.0934,-0.69942,0.33029,-0.10794,-0.66555,0.20716,0.1616,-0.72888,0.30142,-0.088,-0.70205,0.14182
0.00896,0.59616,-0.32994,0.02363,0.62008,-0.32157,0.02454,0.61923,-0.30955,0.02418,0.61953,-0.31436,0.00048,0.63156,-0.33998,0.0,0.62892,-0.35275,0.00605,0.61542,-0.3329,0.06244,0.6229,-0.21263,-0.07286,0.57595,-0.24301,0.03799,0.59312,-0.2767,0.00239,0.55808,-0.31022,0.14777,0.4696,-0.07295,-0.13859,0.51787,-0.10376,0.18343,0.26243,-0.02909,-0.18096,0.21932,-0.14993,0.19866,0.02849,0.01317,-0.15913,-0.00086,-0.20322,0.18809,-0.02157,0.02544,-0.1349,-0.04584,-0.25183,0.16134,-0.03773,0.00218,-0.08595,-0.02849,-0.26289,0.19237,-0.00614,0.00809,-0.13997,-0.00737,-0.21602,0.09061,-0.00046,0.04919,-0.08805,0.00319,-0.04769,0.12184,-0.38268,0.09506,-0.05507,-0.31886,-0.00227,0.1196,-0.66631,0.30409,-0.10029,-0.63775,0.23029,0.10155,-0.69793,0.3298,-0.10419,-0.66469,0.21178,0.16675,-0.72905,0.30037,-0.0829,-0.70206,0.14589
0.00898,0.59613,-0.3298,0.02362,0.62002,-0.32149,0.02452,0.61918,-0.30946,0.02416,0.61946,-0.31425,0.00044,0.63149,-0.33976,-6e-05,0.62882,-0.35252,0.006,0.61531,-0.33267,0.06245,0.62284,-0.21271,-0.07299,0.57561,-0.24284,0.038,0.5931,-0.27665,0.0024,0.55795,-0.30996,0.14786,0.46952,-0.07306,-0.1386,0.51774,-0.10369,0.18249,0.26208,-0.02945,-0.17996,0.21926,-0.14964,0.19081,0.02751,0.01273,-0.15766,-0.00053,-0.20302,0.17811,-0.02204,0.02537,-0.13352,-0.04429,-0.2514,0.15142,-0.03797,0.0023,-0.08476,-0.02697,-0.26269,0.18414,-0.00673,0.00777,-0.13886,-0.00676,-0.21579,0.09057,-0.00045,0.04894,-0.08803,0.00318,-0.04741,0.1227,-0.38273,0.0924,-0.05497,-0.31963,0.00064,0.12349,-0.66417,0.30215,-0.09908,-0.63676,0.23061,0.10581,-0.69535,0.328,-0.10303,-0.66354,0.21167,0.17004,-0.72796,0.29951,-0.08283,-0.70081,0.14533
0.00948,0.59615,-0.32957,0.02373,0.62004,-0.32127,0.02459,0.6192,-0.30922,0.02423,0.61948,-0.31399,0.00051,0.63147,-0.33954,-1e-05,0.62879,-0.3523,0.00606,0.61528,-0.33245,0.06237,0.62307,-0.21244,-0.07316,0.57522,-0.24279,0.03835,0.59321,-0.2764,0.00275,0.55795,-0.30972,0.14797,0.47009,-0.07291,-0.13846,0.51773,-0.10383,0.18085,0.26221,-0.0281,-0.17917,0.21932,-0.14937,0.18857,0.02771,0.01807,-0.1562,0.00034,-0.2027,0.17567,-0.02158,0.03146,-0.13206,-0.04242,-0.25096,0.14975,-0.03713,0.00843,-0.08329,-0.02506,-0.26237,0.18203,-0.00637,0.01326,-0.13752,-0.0056,-0.21556,0.09056,-0.00042,0.04893,-0.08804,0.00316,-0.04738,0.12375,-0.38297,0.09267,-0.0547,-0.32057,0.00278,0.12547,-0.66336,0.30689,-0.09658,-0.63461,0.23603,0.10787,-0.69451,0.33349,-0.10025,-0.66106,0.21751,0.17155,-0.7281,0.30631,-0.08028,-0.69984,0.15197
0.00984,0.59606,-0.32969,0.02386,0.61993,-0.32155,0.02469,0.6191,-0.30949,0.02434,0.61937,-0.31423,0.00062,0.63127,-0.33974,8e-05,0.62856,-0.3525,0.00617,0.61504,-0.33266,0.06241,0.62311,-0.21287,-0.07304,0.57487,-0.24314,0.03869,0.5932,-0.27648,0.00317,0.5578,-0.30979,0.14827,0.47005,-0.07325,-0.13804,0.51785,-0.10416,0.18006,0.26102,-0.02858,-0.17765,0.21934,-0.14913,0.18559,0.02467,0.01683,-0.15303,0.00054,-0.20256,0.17232,-0.02447,0.02977,-0.12837,-0.04189,-0.25107,0.14632,-0.03936,0.0067,-0.07983,-0.02446,-0.26245,0.17889,-0.00901,0.01198,-0.13426,-0.00524,-0.21551,0.09056,-0.00051,0.04894,-0.08804,0.00325,-0.04738,0.12244,-0.38864,0.09251,-0.05446,-0.32253,0.00298,0.12374,-0.66871,0.30932,-0.09538,-0.63489,0.2372,0.10611,-0.70005,0.33643,-0.09898,-0.66128,0.2189,0.1676,-0.73649,0.30849,-0.07632,-0.7016,0.15217
0.01131,0.59647,-0.32967,0.02481,0.62054,-0.32146,0.02563,0.61972,-0.30938,0.02524,0.61994,-0.31411,0.00131,0.63155,-0.33963,0.00076,0.62882,-0.35236,0.00686,0.61527,-0.33253,0.06308,0.62453,-0.21263,-0.07297,0.57487,-0.24291,0.0403,0.59396,-0.27636,0.00455,0.55799,-0.30966,0.14953,0.47059,-0.07341,-0.13757,0.51786,-0.1041,0.1797,0.26084,-0.02893,-0.1762,0.21903,-0.14858,0.17982,0.02442,0.01659,-0.15305,-0.0009,-0.20127,0.16474,-0.02467,0.02983,-0.1286,-0.04348,-0.24983,0.13925,-0.03938,0.00679,-0.08011,-0.02646,-0.26122,0.17307,-0.00907,0.01177,-0.13437,-0.00665,-0.21446,0.09059,-0.00056,0.04892,-0.08808,0.00331,-0.04737,0.12233,-0.39562,0.08438,-0.05425,-0.32647,0.00133,0.12351,-0.68784,0.29348,-0.09327,-0.63823,0.23425,0.10584,-0.72035,0.31948,-0.09663,-0.66469,0.21562,0.16841,-0.75494,0.29001,-0.07493,-0.7061,0.14963
0.01423,0.59657,-0.32675,0.02702,0.62075,-0.31805,0.02782,0.61996,-0.30594,0.02743,0.62016,-0.31069,0.0032,0.63164,-0.3367,0.00267,0.6289,-0.34938,0.00877,0.61534,-0.32961,0.06426,0.62533,-0.20838,-0.07259,0.57487,-0.24049,0.04294,0.59422,-0.27283,0.00693,0.558,-0.30665,0.15009,0.47074,-0.06757,-0.13543,0.5179,-0.10407,0.17958,0.26059,-0.02392,-0.17336,0.21903,-0.14854,0.18028,0.02441,0.02256,-0.15117,-0.0015,-0.20031,0.16571,-0.02469,0.03669,-0.12713,-0.04439,-0.24873,0.14004,-0.03927,0.01357,-0.07889,-0.02782,-0.25981,0.17356,-0.00902,0.01772,-0.13279,-0.00736,-0.21348,0.09055,-0.00057,0.04981,-0.08804,0.00335,-0.04829,0.12277,-0.39646,0.08423,-0.05144,-0.32868,-0.00034,0.1235,-0.69292,0.28381,-0.08876,-0.64126,0.22801,0.1058,-0.72584,0.30808,-0.0918,-0.66787,0.20853,0.17228,-0.75922,0.27745,-0.06332,-0.70992,0.14265
0.01441,0.59659,-0.32472,0.02717,0.62077,-0.316,0.02802,0.61997,-0.30379,0.02761,0.62018,-0.30863,0.00333,0.63165,-0.33451,0.00282,0.6289,-0.34719,0.0089,0.61534,-0.32742,0.06469,0.62536,-0.20704,-0.0725,0.57487,-0.2384,0.04321,0.59424,-0.27085,0.00717,0.55797,-0.30453,0.14993,0.47018,-0.06597,-0.13343,0.51792,-0.10379,0.16899,0.25776,-0.02225,-0.16985,0.219,-0.1474,0.16431,0.02122,0.02766,-0.1477,-0.00321,-0.19089,0.14876,-0.02806,0.04297,-0.12322,-0.04702,-0.23768,0.12478,-0.04203,0.02007,-0.07591,-0.03084,-0.24856,0.1582,-0.01158,0.02297,-0.12962,-0.00908,-0.20412,0.09043,-0.00068,0.05006,-0.08795,0.0035,-0.0486,0.12418,-0.39753,0.08374,-0.05032,-0.32891,-0.00079,0.12879,-0.69944,0.27242,-0.08812,-0.64448,0.22095,0.11152,-0.73278,0.29502,-0.09126,-0.67157,0.20029,0.18096,-0.76517,0.26461,-0.06205,-0.71193,0.13501
0.01313,0.5968,-0.32471,0.02639,0.62089,-0.31602,0.02731,0.6201,-0.30379,0.02683,0.62027,-0.30864,0.00258,0.63181,-0.3342,0.00211,0.62905,-0.34684,0.00813,0.61549,-0.32708,0.06474,0.62514,-0.20715,-0.07252,0.57488,-0.23723,0.04256,0.59431,-0.27101,0.00641,0.55803,-0.3044,0.14995,0.46957,-0.0665,-0.13322,0.51751,-0.1023,0.16965,0.25766,-0.02261,-0.16849,0.21877,-0.14341,0.16453,0.02208,0.02881,-0.14709,-0.00385,-0.18358,0.14876,-0.02719,0.04453,-0.12229,-0.04837,-0.22945,0.12414,-0.04068,0.02159,-0.0754,-0.03217,-0.24097,0.15814,-0.01046,0.02401,-0.12897,-0.00975,-0.1971,0.0904,-0.00069,0.04961,-0.08792,0.00351,-0.04817,0.12417,-0.39848,0.07536,-0.05017,-0.32918,-0.00078,0.12889,-0.70687,0.2559,-0.08838,-0.64875,0.21659,0.11162,-0.74067,0.27756,-0.09159,-0.67639,0.19498,0.18062,-0.77264,0.24334,-0.06479,-0.71348,0.12841
0.0131,0.59629,-0.32483,0.02639,0.62036,-0.31612,0.02732,0.61956,-0.30386,0.02683,0.61971,-0.30871,0.00257,0.63129,-0.33428,0.00212,0.62851,-0.34693,0.00813,0.61495,-0.32715,0.0655,0.62437,-0.20742,-0.07241,0.57454,-0.23707,0.04258,0.59375,-0.27119,0.0064,0.5574,-0.30448,0.15014,0.46836,-0.06749,-0.13298,0.51714,-0.1015,0.17027,0.25694,-0.02339,-0.1685,0.2185,-0.14182,0.16553,0.02212,0.02793,-0.1465,-0.00501,-0.18035,0.15005,-0.02718,0.04335,-0.12091,-0.05075,-0.22553,0.1248,-0.0405,0.02039,-0.07403,-0.03406,-0.23726,0.15897,-0.01037,0.02308,-0.12799,-0.01091,-0.19388,0.0904,-0.00075,0.04934,-0.08793,0.00359,-0.04794,0.12405,-0.40193,0.06735,-0.04996,-0.32933,-0.00114,0.13148,-0.71942,0.24098,-0.08853,-0.65327,0.21194,0.11454,-0.75398,0.26185,-0.09178,-0.68145,0.18996,0.17997,-0.78722,0.22418,-0.06519,-0.71772,0.12257
0.01305,0.59618,-0.32525,0.02642,0.62015,-0.31648,0.02736,0.61936,-0.30416,0.02685,0.61947,-0.30903,0.00262,0.63119,-0.33448,0.00219,0.6284,-0.34712,0.00817,0.61483,-0.32735,0.06589,0.62317,-0.20801,-0.07232,0.57449,-0.2371,0.04257,0.59336,-0.27185,0.00634,0.55726,-0.30487,0.15018,0.46673,-0.0724,-0.13373,0.51679,-0.09952,0.17121,0.25708,-0.02935,-0.16885,0.21829,-0.13725,0.16692,0.02687,0.02447,-0.14664,-0.00522,-0.17377,0.15186,-0.02248,0.0397,-0.12115,-0.05161,-0.21715,0.12649,-0.03505,0.01711,-0.07415,-0.03459,-0.22982,0.1604,-0.00529,0.0194,-0.12807,-0.01107,-0.18743,0.0904,-0.00089,0.04752,-0.08793,0.00372,-0.0462,0.12384,-0.40433,0.05536,-0.05083,-0.32743,0.00038,0.13241,-0.7261,0.23025,-0.09033,-0.65253,0.21317,0.11554,-0.76096,0.25136,-0.09371,-0.68083,0.19101,0.17959,-0.79698,0.21347,-0.07529,-0.71559,0.12628
0.01412,0.59666,-0.32534,0.02814,0.62034,-0.31658,0.02907,0.61956,-0.30427,0.02859,0.61965,-0.30913,0.00467,0.63154,-0.33456,0.0043,0.62876,-0.3472,0.01022,0.61513,-0.32742,0.0676,0.62273,-0.20879,-0.06964,0.57469,-0.23723,0.04333,0.59344,-0.27195,0.00734,0.55764,-0.30492,0.15075,0.46503,-0.07865,-0.1337,0.51675,-0.09841,0.17165,0.25662,-0.04622,-0.16821,0.21839,-0.1357,0.16817,0.02683,-0.00453,-0.14619,-0.0052,-0.17404,0.15333,-0.02267,0.00715,-0.12039,-0.05182,-0.21784,0.12761,-0.03554,-0.0156,-0.07354,-0.03499,-0.23075,0.16152,-0.00543,-0.0106,-0.12753,-0.01109,-0.18787,0.09039,-0.00118,0.04436,-0.08792,0.00402,-0.04306,0.12381,-0.40791,0.05248,-0.051,-0.32537,0.00986,0.1345,-0.73252,0.2311,-0.09482,-0.64976,0.22727,0.1178,-0.7676,0.25271,-0.09911,-0.67791,0.20549,0.17929,-0.80277,0.21597,-0.09307,-0.7069,0.14491
0.01401,0.5967,-0.32556,0.02815,0.62033,-0.31718,0.02908,0.61955,-0.30481,0.02861,0.61963,-0.30968,0.00485,0.63159,-0.33482,0.00446,0.62882,-0.34745,0.01039,0.61517,-0.32768,0.0677,0.62215,-0.21126,-0.06854,0.57519,-0.238,0.04316,0.59344,-0.27265,0.00732,0.55783,-0.30526,0.151,0.46377,-0.08385,-0.13471,0.51717,-0.09659,0.17359,0.25396,-0.04924,-0.16826,0.21832,-0.13074,0.17408,0.01822,-0.00523,-0.14724,-0.00706,-0.17318,0.16153,-0.03198,0.00703,-0.12173,-0.05391,-0.21727,0.13444,-0.04702,-0.01633,-0.07595,-0.0379,-0.23077,0.16752,-0.01544,-0.01147,-0.12889,-0.01332,-0.18736,0.09038,-0.00162,0.04171,-0.08792,0.00444,-0.04037,0.12366,-0.41565,0.04724,-0.05287,-0.32516,0.01601,0.13634,-0.7393,0.23332,-0.10856,-0.64608,0.24219,0.12006,-0.77413,0.25566,-0.11483,-0.67367,0.2214,0.18055,-0.80604,0.21999,-0.11851,-0.69405,0.16319
0.01526,0.597,-0.32804,0.02948,0.62045,-0.31998,0.0304,0.61967,-0.30755,0.03005,0.61974,-0.31245,0.00682,0.6318,-0.33765,0.0064,0.62905,-0.35043,0.01242,0.61532,-0.33062,0.06799,0.62202,-0.21547,-0.06694,0.57539,-0.24319,0.04387,0.59349,-0.27582,0.00849,0.55818,-0.30872,0.15152,0.46204,-0.0908,-0.13522,0.51767,-0.09674,0.17552,0.24996,-0.0573,-0.16845,0.21955,-0.12995,0.19112,0.00778,-0.01803,-0.14854,-0.00708,-0.17278,0.18417,-0.04467,-0.00741,-0.12323,-0.0546,-0.2165,0.15434,-0.06317,-0.03204,-0.07771,-0.03962,-0.23087,0.18437,-0.02805,-0.02504,-0.13007,-0.01366,-0.18725,0.09035,-0.00209,0.04053,-0.08788,0.0049,-0.03926,0.12256,-0.41568,0.0496,-0.05491,-0.31961,0.02437,0.1349,-0.73534,0.23436,-0.11737,-0.63607,0.25947,0.11882,-0.76981,0.25769,-0.1241,-0.66311,0.23971,0.18034,-0.80143,0.22308,-0.12428,-0.68069,0.18166
0.01527,0.59731,-0.33058,0.0295,0.62057,-0.32244,0.03043,0.61979,-0.31004,0.03008,0.61984,-0.31486,0.00687,0.63191,-0.34011,0.00645,0.62918,-0.35281,0.01248,0.6154,-0.33304,0.06799,0.6217,-0.2182,-0.06697,0.57529,-0.24581,0.04388,0.59354,-0.27863,0.00852,0.55829,-0.3115,0.15165,0.46097,-0.09364,-0.13658,0.51696,-0.09676,0.17649,0.2496,-0.05818,-0.1701,0.21884,-0.12792,0.19423,0.00588,-0.01647,-0.15652,-0.00854,-0.1714,0.18756,-0.04647,-0.00498,-0.1323,-0.05589,-0.21486,0.15848,-0.06543,-0.02975,-0.08802,-0.0416,-0.22994,0.1877,-0.03017,-0.02342,-0.13854,-0.01546,-0.1862,0.09036,-0.0024,0.03998,-0.08789,0.00521,-0.03872,0.12102,-0.41647,0.04908,-0.05876,-0.31788,0.02673,0.13168,-0.73582,0.23767,-0.1314,-0.63476,0.25955,0.11572,-0.77016,0.26101,-0.13901,-0.66181,0.23952,0.17957,-0.79955,0.22636,-0.13585,-0.67813,0.17843
0.01526,0.59784,-0.33129,0.02956,0.62101,-0.32292,0.03049,0.62022,-0.31052,0.03016,0.62026,-0.31533,0.00692,0.63248,-0.34043,0.00648,0.6298,-0.35312,0.01252,0.61587,-0.33335,0.06836,0.62166,-0.21835,-0.06698,0.5755,-0.24572,0.04388,0.59366,-0.27951,0.0085,0.55869,-0.312,0.15246,0.45909,-0.09571,-0.13763,0.51679,-0.09493,0.18054,0.24717,-0.06371,-0.17072,0.21872,-0.12715,0.21267,-0.00275,-0.02271,-0.16166,-0.00856,-0.1716,0.21096,-0.05635,-0.0111,-0.13972,-0.05596,-0.21535,0.18131,-0.07899,-0.03725,-0.0948,-0.04207,-0.23035,0.20684,-0.04067,-0.0303,-0.14393,-0.01567,-0.18656,0.09035,-0.00281,0.03801,-0.08788,0.00559,-0.03672,0.11372,-0.41603,0.0463,-0.06141,-0.31344,0.03187,0.12379,-0.73362,0.23831,-0.13983,-0.62551,0.26515,0.10777,-0.76791,0.26182,-0.14827,-0.65197,0.24494,0.16991,-0.79873,0.22813,-0.15253,-0.66333,0.18868
0.01525,0.59711,-0.33977,0.02952,0.62046,-0.33134,0.03042,0.61966,-0.31898,0.03012,0.61973,-0.32365,0.00689,0.63187,-0.34916,0.00643,0.6292,-0.36195,0.0125,0.6151,-0.34212,0.06786,0.62112,-0.225,-0.06755,0.57441,-0.25435,0.04387,0.59278,-0.28747,0.00849,0.55786,-0.32046,0.15262,0.4563,-0.10157,-0.13953,0.51652,-0.10032,0.18408,0.24211,-0.06944,-0.17175,0.21871,-0.13544,0.2192,-0.01204,-0.02811,-0.16766,-0.00855,-0.18483,0.21792,-0.06507,-0.01641,-0.14867,-0.05588,-0.22879,0.18633,-0.08789,-0.04306,-0.10398,-0.04216,-0.24517,0.21285,-0.05005,-0.03592,-0.15073,-0.01584,-0.20057,0.09035,-0.00339,0.03807,-0.08787,0.00623,-0.03678,0.10522,-0.41545,0.04712,-0.06925,-0.31162,0.03075,0.10665,-0.73246,0.23966,-0.15689,-0.61919,0.26362,0.08944,-0.76672,0.26302,-0.16654,-0.64511,0.24356,0.15049,-0.79739,0.22849,-0.16492,-0.65836,0.18727
0.0119,0.59558,-0.34592,0.02615,0.6191,-0.33713,0.02684,0.6183,-0.32483,0.02671,0.61833,-0.32947,0.00361,0.63055,-0.35533,0.00304,0.62801,-0.36823,0.00924,0.61379,-0.34835,0.06245,0.61845,-0.2306,-0.07279,0.57235,-0.26185,0.03963,0.59057,-0.29377,0.00452,0.55611,-0.32754,0.14773,0.45364,-0.10952,-0.14669,0.5121,-0.10725,0.18529,0.24096,-0.0793,-0.17613,0.21397,-0.15022,0.21804,-0.01538,-0.03609,-0.18201,-0.00896,-0.20334,0.21574,-0.07013,-0.02384,-0.16603,-0.05581,-0.24693,0.18294,-0.09396,-0.05029,-0.12294,-0.0422,-0.26317,0.21107,-0.05416,-0.04362,-0.16644,-0.0165,-0.21908,0.09027,-0.00347,0.03813,-0.08778,0.00631,-0.03684,0.09517,-0.41357,0.04732,-0.07611,-0.31083,0.02976,0.08344,-0.73099,0.24075,-0.16776,-0.60988,0.26363,0.06455,-0.7654,0.26414,-0.1779,-0.63459,0.24423,0.12968,-0.79696,0.22953,-0.17024,-0.65375,0.18936
0.01023,0.59278,-0.34741,0.02467,0.61588,-0.33818,0.02535,0.61509,-0.3259,0.02518,0.61493,-0.33054,0.00221,0.62766,-0.35679,0.00168,0.62533,-0.36969,0.008,0.61122,-0.34982,0.05922,0.61451,-0.23101,-0.07613,0.571,-0.2645,0.03686,0.58758,-0.29517,0.00206,0.55408,-0.32978,0.14319,0.45324,-0.10833,-0.15296,0.51022,-0.11038,0.18532,0.24093,-0.07633,-0.18133,0.21152,-0.15442,0.2176,-0.01417,-0.03344,-0.18945,-0.00922,-0.20758,0.21502,-0.06979,-0.02204,-0.17295,-0.05578,-0.25091,0.18203,-0.09301,-0.04749,-0.12978,-0.0422,-0.26682,0.21049,-0.05297,-0.04056,-0.17355,-0.0169,-0.22273,0.09025,-0.00342,0.03826,-0.08776,0.00626,-0.03694,0.09376,-0.40773,0.04646,-0.08363,-0.31042,0.02385,0.0799,-0.72433,0.23905,-0.18114,-0.60776,0.26196,0.06062,-0.75947,0.26263,-0.19195,-0.63242,0.24265,0.12702,-0.79229,0.22908,-0.18549,-0.65434,0.18749
0.01012,0.59183,-0.34696,0.02464,0.61492,-0.33787,0.02531,0.61417,-0.32556,0.02515,0.61399,-0.3302,0.00222,0.6271,-0.35618,0.00167,0.62477,-0.36907,0.00801,0.61065,-0.3492,0.05864,0.6139,-0.23056,-0.07628,0.57103,-0.26348,0.03627,0.58675,-0.29488,0.00168,0.55365,-0.32902,0.14151,0.45332,-0.1074,-0.15483,0.5103,-0.10998,0.18748,0.24147,-0.07449,-0.18545,0.21047,-0.15367,0.22435,-0.01257,-0.03106,-0.19516,-0.01052,-0.20533,0.2237,-0.06808,-0.01933,-0.17916,-0.05659,-0.24891,0.18912,-0.09175,-0.04485,-0.13605,-0.04401,-0.26454,0.21724,-0.05122,-0.03818,-0.17955,-0.01871,-0.22037,0.09014,-0.00345,0.03832,-0.08761,0.00628,-0.037,0.08496,-0.40723,0.04537,-0.08713,-0.3105,0.02209,0.06922,-0.724,0.23786,-0.19011,-0.60379,0.26576,0.04905,-0.75899,0.26182,-0.20197,-0.62795,0.24837,0.11104,-0.79406,0.2298,-0.19852,-0.65395,0.20268
0.0097,0.59033,-0.34662,0.02424,0.61348,-0.33747,0.02491,0.61277,-0.32513,0.02481,0.61263,-0.3298,0.00204,0.62601,-0.35568,0.0015,0.62368,-0.36855,0.00789,0.60958,-0.34869,0.05762,0.61331,-0.23026,-0.07639,0.57104,-0.26308,0.03526,0.5855,-0.29468,0.00112,0.55278,-0.32845,0.13957,0.45366,-0.10665,-0.15584,0.51035,-0.10965,0.18967,0.24322,-0.07379,-0.18675,0.20907,-0.15276,0.23395,-0.0117,-0.02986,-0.19897,-0.01229,-0.20448,0.23639,-0.06667,-0.01825,-0.18359,-0.0576,-0.24574,0.20036,-0.09011,-0.04392,-0.14258,-0.04552,-0.26241,0.22707,-0.04984,-0.03704,-0.1839,-0.02061,-0.21942,0.09002,-0.00347,0.0394,-0.08744,0.00629,-0.0381,0.08296,-0.40636,0.04562,-0.08601,-0.31045,0.01246,0.05942,-0.72431,0.23697,-0.19682,-0.60469,0.26086,0.03769,-0.75958,0.26073,-0.20966,-0.62906,0.24448,0.09445,-0.79517,0.22702,-0.19824,-0.65496,0.19674
0.00932,0.59018,-0.34747,0.02424,0.61321,-0.3382,0.02492,0.61248,-0.32608,0.02483,0.61237,-0.33061,0.002,0.62588,-0.35619,0.00147,0.62355,-0.36896,0.00787,0.60948,-0.34916,0.05954,0.61251,-0.23032,-0.07575,0.57105,-0.26264,0.03526,0.58507,-0.29504,0.00104,0.55259,-0.32858,0.14239,0.45357,-0.10582,-0.15544,0.50968,-0.10742,0.20395,0.24356,-0.07243,-0.18673,0.20411,-0.14718,0.24738,-0.00886,-0.03189,-0.20337,-0.01616,-0.20022,0.24928,-0.06478,-0.02089,-0.18924,-0.0613,-0.23983,0.21282,-0.08887,-0.04686,-0.14935,-0.04892,-0.2589,0.23992,-0.04736,-0.0391,-0.18851,-0.02448,-0.21574,0.09004,-0.00349,0.03953,-0.08744,0.00632,-0.03826,0.08278,-0.40544,0.04471,-0.08485,-0.31051,-0.00083,0.04973,-0.72417,0.23504,-0.19068,-0.61052,0.24527,0.02653,-0.7594,0.25866,-0.20254,-0.6355,0.22898,0.07809,-0.79505,0.22131,-0.1903,-0.66468,0.17077
0.01006,0.58948,-0.35386,0.02488,0.61251,-0.34443,0.02557,0.61175,-0.3326,0.02553,0.61171,-0.33699,0.00257,0.62491,-0.36344,0.00216,0.6226,-0.37624,0.00856,0.60863,-0.35636,0.06005,0.6117,-0.23479,-0.07541,0.56953,-0.26888,0.03582,0.58423,-0.30005,0.0017,0.55161,-0.33497,0.14335,0.45358,-0.10669,-0.15504,0.50674,-0.11187,0.20899,0.24466,-0.07584,-0.18729,0.19748,-0.15059,0.25489,-0.00573,-0.04879,-0.20615,-0.02347,-0.20168,0.25752,-0.06187,-0.03947,-0.19266,-0.06805,-0.24132,0.22125,-0.08668,-0.06576,-0.15312,-0.05578,-0.26048,0.24763,-0.04464,-0.05653,-0.19141,-0.0317,-0.2172,0.09002,-0.0035,0.04083,-0.0874,0.00633,-0.03961,0.08113,-0.40604,0.04488,-0.08123,-0.31462,-0.02078,0.03998,-0.72601,0.2354,-0.18555,-0.61743,0.22343,0.01594,-0.76142,0.25902,-0.19681,-0.64216,0.20741,0.06775,-0.79819,0.22092,-0.18803,-0.67372,0.144
0.01041,0.59015,-0.35775,0.02523,0.61326,-0.34891,0.02589,0.61244,-0.33706,0.02588,0.61245,-0.34144,0.00291,0.62538,-0.368,0.00257,0.62309,-0.38089,0.00899,0.60915,-0.36095,0.06058,0.61258,-0.24048,-0.07457,0.56973,-0.27297,0.0363,0.58478,-0.3039,0.00231,0.55204,-0.33883,0.14516,0.45631,-0.10891,-0.15492,0.50685,-0.11439,0.21068,0.25127,-0.07736,-0.18713,0.19818,-0.15116,0.25673,0.00919,-0.05064,-0.20741,-0.02298,-0.201,0.25954,-0.04463,-0.04137,-0.19407,-0.06764,-0.24104,0.22418,-0.06816,-0.06764,-0.15612,-0.05536,-0.25985,0.24982,-0.02916,-0.05857,-0.19313,-0.03118,-0.21646,0.09006,-0.00334,0.04139,-0.08744,0.00619,-0.04029,0.07905,-0.40322,0.05512,-0.07934,-0.31485,-0.01661,0.03108,-0.72283,0.24383,-0.18163,-0.63663,0.22635,0.0069,-0.7582,0.26704,-0.19217,-0.66411,0.2097,0.06624,-0.79503,0.22318,-0.17571,-0.69776,0.14326
0.01146,0.59054,-0.365,0.02618,0.61344,-0.35564,0.02695,0.61263,-0.34387,0.02691,0.61267,-0.34814,0.00377,0.62543,-0.37554,0.0037,0.62314,-0.38847,0.01003,0.6093,-0.36835,0.06155,0.61261,-0.24507,-0.07415,0.56961,-0.27925,0.03726,0.58494,-0.3101,0.00326,0.55216,-0.34613,0.14559,0.4572,-0.10848,-0.15432,0.50572,-0.11967,0.21153,0.25567,-0.0766,-0.18684,0.19767,-0.15228,0.25899,0.02203,-0.05291,-0.20872,-0.02264,-0.20052,0.26232,-0.029,-0.04389,-0.19597,-0.06727,-0.24091,0.22785,-0.04998,-0.07071,-0.15942,-0.0551,-0.25939,0.25231,-0.01523,-0.06135,-0.19467,-0.03074,-0.21592,0.09009,-0.00284,0.04392,-0.08745,0.00578,-0.04294,0.07978,-0.40084,0.06581,-0.07318,-0.31817,-0.03306,0.02974,-0.71276,0.25363,-0.16339,-0.66103,0.19943,0.00492,-0.74721,0.27661,-0.17179,-0.69013,0.18189,0.05845,-0.78868,0.22968,-0.14443,-0.72863,0.10323
0.01166,0.59054,-0.37009,0.02625,0.61341,-0.3609,0.0271,0.6126,-0.34913,0.02702,0.61266,-0.35317,0.00391,0.62519,-0.38092,0.00396,0.62291,-0.39386,0.0102,0.60921,-0.37359,0.06163,0.61248,-0.24881,-0.07412,0.56901,-0.28382,0.03739,0.58488,-0.31455,0.00344,0.55202,-0.35123,0.1457,0.4587,-0.10816,-0.15405,0.50415,-0.1211,0.21379,0.26018,-0.07345,-0.18673,0.197,-0.15206,0.26074,0.02935,-0.05067,-0.2104,-0.02301,-0.20035,0.26384,-0.01957,-0.04127,-0.1982,-0.06724,-0.24075,0.22897,-0.03836,-0.06808,-0.16285,-0.05474,-0.25905,0.25378,-0.00724,-0.05899,-0.19626,-0.03083,-0.21559,0.09021,-0.0019,0.04572,-0.08757,0.00502,-0.04472,0.07984,-0.39562,0.07925,-0.06239,-0.31883,-0.0426,0.0284,-0.68934,0.29054,-0.14009,-0.67784,0.17017,0.00311,-0.72179,0.31579,-0.14685,-0.70838,0.15103,0.04496,-0.76834,0.26784,-0.11488,-0.74421,0.05854
0.01233,0.5894,-0.37181,0.02644,0.61205,-0.36222,0.02742,0.61123,-0.35041,0.02727,0.61134,-0.35449,0.00419,0.62312,-0.38298,0.00442,0.62096,-0.39614,0.01051,0.60765,-0.37563,0.0614,0.61095,-0.24894,-0.07441,0.56635,-0.2867,0.03757,0.58365,-0.31581,0.00366,0.55065,-0.35367,0.14474,0.45943,-0.10802,-0.15437,0.50141,-0.12396,0.2133,0.26649,-0.07318,-0.18624,0.1957,-0.15776,0.25949,0.04061,-0.05585,-0.2107,-0.02288,-0.20438,0.26263,-0.00757,-0.04747,-0.19896,-0.06674,-0.24494,0.22639,-0.02556,-0.07401,-0.16447,-0.05324,-0.26431,0.25209,0.00392,-0.06464,-0.19677,-0.03055,-0.2201,0.09018,-0.001,0.0489,-0.08753,0.00434,-0.04785,0.07893,-0.39062,0.09481,-0.04867,-0.31837,-0.04956,0.02274,-0.67652,0.30597,-0.11636,-0.68407,0.13518,-0.00267,-0.7084,0.33072,-0.12143,-0.71547,0.11285,0.04227,-0.75666,0.28421,-0.0843,-0.75137,0.0149
0.01359,0.58477,-0.39248,0.02714,0.60724,-0.38289,0.02839,0.60622,-0.37113,0.02806,0.60655,-0.3751,0.00508,0.61757,-0.40467,0.00571,0.61549,-0.41815,0.01154,0.60282,-0.39694,0.06143,0.60517,-0.26747,-0.07419,0.55974,-0.30797,0.03827,0.5789,-0.3352,0.00471,0.54559,-0.37491,0.14368,0.45868,-0.11234,-0.15337,0.49813,-0.14451,0.21362,0.26598,-0.07505,-0.185,0.19287,-0.17952,0.26152,0.04052,-0.06298,-0.21102,-0.02422,-0.22394,0.26498,-0.00692,-0.0537,-0.19996,-0.06742,-0.26554,0.2284,-0.02318,-0.08084,-0.16576,-0.05316,-0.28643,0.25418,0.00449,-0.07214,-0.19717,-0.03145,-0.24078,0.08927,-0.00061,0.05424,-0.08664,0.00412,-0.05326,0.07807,-0.38825,0.10844,-0.03171,-0.31836,-0.06616,0.01973,-0.6796,0.302,-0.09368,-0.69494,0.08665,-0.00537,-0.71219,0.32502,-0.09741,-0.72683,0.06154,0.0422,-0.75737,0.27907,-0.05214,-0.75712,-0.03952
0.01311,0.58363,-0.41008,0.02699,0.60558,-0.39949,0.02836,0.60452,-0.38762,0.02792,0.6049,-0.39149,0.00452,0.61539,-0.41926,0.00538,0.61344,-0.43267,0.011,0.60115,-0.41127,0.06337,0.60056,-0.27891,-0.07432,0.55503,-0.31208,0.0383,0.57682,-0.35204,0.00452,0.54357,-0.38933,0.14566,0.45514,-0.12096,-0.15376,0.49177,-0.1423,0.21906,0.26418,-0.08531,-0.18604,0.18999,-0.17598,0.26511,0.03866,-0.08699,-0.21109,-0.02502,-0.22427,0.26789,-0.00892,-0.08042,-0.19899,-0.06886,-0.26711,0.23003,-0.02401,-0.10862,-0.16382,-0.05341,-0.28912,0.2568,0.00268,-0.0969,-0.19642,-0.03212,-0.24186,0.08966,0.00056,0.05414,-0.08705,0.00312,-0.0531,0.0783,-0.38795,0.10518,-0.01757,-0.31901,-0.07482,0.02306,-0.67844,0.31061,-0.06949,-0.70324,0.07331,-0.00109,-0.71058,0.33451,-0.07288,-0.73522,0.04887,0.0402,-0.75901,0.2897,-0.04156,-0.7654,-0.05061
0.01351,0.57172,-0.40581,0.02709,0.59525,-0.39556,0.02867,0.59395,-0.38383,0.02814,0.59473,-0.38772,0.00461,0.60445,-0.41637,0.00558,0.60235,-0.42976,0.0111,0.59053,-0.4084,0.06346,0.5943,-0.2759,-0.07449,0.54573,-0.31194,0.03881,0.5664,-0.34808,0.00474,0.53197,-0.38593,0.144,0.45156,-0.12082,-0.15256,0.48617,-0.14301,0.21883,0.26379,-0.0892,-0.18393,0.18434,-0.1787,0.2638,0.03866,-0.08903,-0.20966,-0.02827,-0.22298,0.26714,-0.00823,-0.08151,-0.19775,-0.07178,-0.26481,0.22882,-0.02169,-0.10787,-0.16301,-0.05498,-0.28631,0.25559,0.00315,-0.0981,-0.19491,-0.03454,-0.24023,0.08953,0.00148,0.0577,-0.08687,0.00244,-0.05676,0.07553,-0.37755,0.11812,-0.01543,-0.31905,-0.11455,0.02482,-0.65142,0.33392,-0.06136,-0.71206,-0.00866,0.0007,-0.68135,0.35804,-0.06405,-0.74462,-0.03698,0.04254,-0.73381,0.32512,-0.0202,-0.77322,-0.13634
0.01545,0.56706,-0.40217,0.0278,0.59179,-0.39196,0.02958,0.59052,-0.38012,0.02907,0.59137,-0.38415,0.00543,0.60052,-0.41187,0.00664,0.5982,-0.42518,0.01204,0.58616,-0.40404,0.06347,0.59396,-0.27356,-0.07444,0.54219,-0.3087,0.04057,0.56307,-0.34525,0.00652,0.52715,-0.38206,0.14264,0.45054,-0.12037,-0.14982,0.48431,-0.1425,0.21556,0.26352,-0.08791,-0.1839,0.18348,-0.17862,0.26101,0.03775,-0.0836,-0.20869,-0.03062,-0.22126,0.26542,-0.00942,-0.07558,-0.19591,-0.07408,-0.26013,0.22517,-0.02332,-0.10253,-0.16184,-0.05677,-0.28093,0.25251,0.0024,-0.09257,-0.19375,-0.03634,-0.23795,0.08883,0.00169,0.06007,-0.08608,0.00233,-0.05938,0.06774,-0.37861,0.11213,-0.01049,-0.32178,-0.11516,0.02437,-0.65938,0.32472,-0.05983,-0.7244,0.00696,0.00059,-0.69032,0.34961,-0.06281,-0.75792,-0.02039,0.03751,-0.73983,0.31065,-0.00746,-0.79032,-0.11295
0.016,0.56835,-0.386,0.02796,0.59281,-0.37581,0.02982,0.59157,-0.36409,0.0293,0.59234,-0.36788,0.00556,0.60183,-0.39739,0.00677,0.59952,-0.41036,0.01217,0.58734,-0.38966,0.06346,0.59563,-0.25831,-0.07461,0.54353,-0.29744,0.04131,0.56412,-0.32923,0.00696,0.5285,-0.3665,0.14205,0.45167,-0.1141,-0.14957,0.48486,-0.13426,0.21464,0.2644,-0.08614,-0.18425,0.18404,-0.17009,0.25736,0.03823,-0.08059,-0.20756,-0.0315,-0.19694,0.26156,-0.00883,-0.07339,-0.19288,-0.07504,-0.23124,0.22037,-0.02272,-0.09714,-0.16055,-0.05744,-0.25095,0.2486,0.00341,-0.0887,-0.1929,-0.03683,-0.21266,0.08852,0.00189,0.05993,-0.08568,0.00208,-0.05923,0.05995,-0.37945,0.10903,-0.00757,-0.32614,-0.10035,0.01916,-0.65392,0.31785,-0.05244,-0.72688,0.04485,-0.00432,-0.68333,0.34206,-0.05513,-0.76036,0.01941,0.0245,-0.73534,0.30665,-0.0031,-0.79508,-0.06645
0.01635,0.5691,-0.3854,0.02801,0.59357,-0.37543,0.02993,0.59238,-0.36368,0.02941,0.59309,-0.36758,0.00556,0.60274,-0.39672,0.00676,0.60041,-0.40971,0.01216,0.58812,-0.38903,0.06347,0.59671,-0.25673,-0.07605,0.54436,-0.29704,0.0419,0.56489,-0.32889,0.00709,0.5291,-0.36599,0.14115,0.45182,-0.11222,-0.14911,0.48532,-0.13416,0.20212,0.26414,-0.0858,-0.18362,0.18282,-0.1699,0.24219,0.0384,-0.078,-0.20277,-0.03355,-0.19317,0.24572,-0.00829,-0.07038,-0.18717,-0.07717,-0.22788,0.20686,-0.02125,-0.09504,-0.15491,-0.05854,-0.24722,0.23404,0.0041,-0.08631,-0.18822,-0.03817,-0.20861,0.08849,0.00202,0.0606,-0.08565,0.00195,-0.05989,0.05736,-0.37658,0.10976,-0.00953,-0.32652,-0.0969,0.01991,-0.61552,0.33428,-0.05276,-0.72049,0.04326,-0.00332,-0.64151,0.36061,-0.05503,-0.75317,0.01779,0.02334,-0.69547,0.34437,-0.00159,-0.78724,-0.06359
0.01692,0.57128,-0.37794,0.02826,0.59706,-0.36637,0.03026,0.59577,-0.35478,0.02974,0.59654,-0.35866,0.00557,0.60523,-0.38913,0.00677,0.60287,-0.40227,0.01217,0.5906,-0.38152,0.06354,0.60233,-0.24508,-0.0773,0.5452,-0.28912,0.04268,0.56777,-0.32004,0.00729,0.53043,-0.35873,0.14088,0.45377,-0.09737,-0.14669,0.48618,-0.13397,0.18981,0.26397,-0.07865,-0.18202,0.18325,-0.16981,0.22526,0.03799,-0.07594,-0.19892,-0.0334,-0.19375,0.22692,-0.0089,-0.06786,-0.1838,-0.07696,-0.22899,0.19235,-0.02156,-0.09069,-0.14972,-0.05822,-0.2487,0.21838,0.0038,-0.08354,-0.18441,-0.03791,-0.20934,0.08827,0.00201,0.06256,-0.08542,0.00198,-0.06181,0.05007,-0.37335,0.12912,-0.00991,-0.32638,-0.09726,0.01445,-0.62027,0.34964,-0.05861,-0.7161,0.02848,-0.00803,-0.64827,0.37503,-0.0614,-0.74832,0.00145,0.0247,-0.70038,0.35907,-0.00527,-0.78194,-0.08361
0.01694,0.5715,-0.38,0.02822,0.59734,-0.36765,0.03026,0.59601,-0.35607,0.02972,0.59678,-0.36002,0.00524,0.60562,-0.39093,0.0065,0.60324,-0.40431,0.01181,0.59088,-0.38333,0.0633,0.60263,-0.24534,-0.07988,0.54551,-0.28998,0.04272,0.56793,-0.32124,0.00719,0.53096,-0.36096,0.13953,0.45381,-0.09505,-0.14591,0.48625,-0.1379,0.17956,0.2626,-0.07842,-0.1788,0.18358,-0.1749,0.21296,0.03783,-0.08001,-0.19404,-0.03316,-0.1993,0.21391,-0.00925,-0.07222,-0.17896,-0.07676,-0.2356,0.18127,-0.02232,-0.09502,-0.14361,-0.05792,-0.25491,0.20662,0.00344,-0.0877,-0.17925,-0.03754,-0.21489,0.08803,0.002,0.06473,-0.08519,0.00205,-0.06391,0.04811,-0.3739,0.14734,-0.00794,-0.32623,-0.10149,0.01613,-0.62923,0.35981,-0.06215,-0.71352,0.01386,-0.0065,-0.65827,0.38405,-0.06525,-0.74553,-0.01351,0.02657,-0.70873,0.36269,-0.00823,-0.77924,-0.10465
0.01406,0.57679,-0.37993,0.02517,0.60268,-0.36764,0.02742,0.60143,-0.35606,0.02679,0.60206,-0.36,0.00148,0.61014,-0.39079,0.00287,0.60785,-0.4042,0.00796,0.59554,-0.3832,0.06227,0.6055,-0.24554,-0.08248,0.54693,-0.28885,0.04111,0.57218,-0.3213,0.00477,0.53476,-0.36089,0.13853,0.4543,-0.09561,-0.14595,0.48651,-0.13743,0.16944,0.26188,-0.07834,-0.17815,0.18379,-0.17329,0.20027,0.03651,-0.07952,-0.1897,-0.03297,-0.19935,0.20141,-0.01017,-0.07177,-0.17219,-0.07672,-0.23601,0.17129,-0.02249,-0.0946,-0.13677,-0.05778,-0.25514,0.19508,0.00243,-0.08724,-0.17431,-0.03742,-0.21496,0.08801,0.00206,0.06451,-0.08518,0.00198,-0.06367,0.04714,-0.37354,0.13862,-0.00956,-0.32648,-0.10074,0.0067,-0.61179,0.36413,-0.06213,-0.71246,0.02959,-0.01614,-0.63841,0.39135,-0.06433,-0.74437,0.00338,0.01692,-0.69364,0.37414,-0.00829,-0.77747,-0.08501
0.01409,0.58867,-0.36327,0.02486,0.61526,-0.35102,0.0271,0.61417,-0.33918,0.02652,0.61474,-0.34311,0.00118,0.62213,-0.37499,0.00246,0.61959,-0.38828,0.00759,0.60696,-0.36743,0.05879,0.61808,-0.22999,-0.08462,0.5553,-0.27793,0.0409,0.58413,-0.30514,0.00465,0.54502,-0.34556,0.13398,0.45936,-0.0813,-0.14581,0.48949,-0.1349,0.15986,0.26179,-0.06045,-0.1768,0.18388,-0.17254,0.19606,0.0354,-0.05905,-0.18464,-0.03612,-0.19901,0.19821,-0.01064,-0.05015,-0.16818,-0.07967,-0.23623,0.16911,-0.0235,-0.07278,-0.13191,-0.06139,-0.25472,0.19148,0.00167,-0.06681,-0.17006,-0.04042,-0.21442,0.08758,0.00185,0.06479,-0.08481,0.00223,-0.06386,0.0486,-0.37697,0.12711,-0.01059,-0.32648,-0.09618,-0.00522,-0.61257,0.35469,-0.06371,-0.71133,0.03783,-0.03061,-0.63847,0.38302,-0.06607,-0.74317,0.01191,0.00423,-0.69322,0.36674,-0.00674,-0.77619,-0.07626
0.01412,0.58843,-0.38056,0.02469,0.61487,-0.36875,0.02686,0.61381,-0.3567,0.02627,0.61442,-0.36055,0.00098,0.62193,-0.39264,0.00226,0.61944,-0.40636,0.00738,0.60685,-0.38509,0.05658,0.61735,-0.24551,-0.08642,0.55413,-0.29637,0.04058,0.58375,-0.32142,0.00448,0.54468,-0.36341,0.13028,0.45925,-0.08212,-0.14627,0.48764,-0.14974,0.15179,0.25802,-0.05921,-0.17676,0.18109,-0.18074,0.1896,0.03009,-0.05754,-0.18249,-0.03845,-0.2177,0.19104,-0.01451,-0.04717,-0.16486,-0.08078,-0.26203,0.16703,-0.02712,-0.07048,-0.12565,-0.06187,-0.27752,0.18674,-0.00333,-0.06516,-0.16687,-0.0425,-0.2331,0.08723,0.00172,0.06573,-0.08462,0.00238,-0.06453,0.06378,-0.3859,0.12587,-0.01096,-0.32424,-0.08078,-0.00502,-0.61509,0.36581,-0.06492,-0.69754,0.07278,-0.03051,-0.64109,0.39554,-0.06708,-0.72839,0.04884,0.00898,-0.69106,0.37419,-0.00287,-0.7549,-0.05451
0.01511,0.58892,-0.36843,0.02535,0.61524,-0.35527,0.02756,0.61422,-0.34352,0.02689,0.61466,-0.34712,0.00145,0.62245,-0.37946,0.00269,0.62001,-0.39268,0.00791,0.60742,-0.37181,0.05661,0.61748,-0.22798,-0.08675,0.55546,-0.28192,0.04082,0.58412,-0.30862,0.00466,0.54555,-0.35046,0.12871,0.46124,-0.06635,-0.14715,0.48808,-0.13775,0.15037,0.26059,-0.03592,-0.17698,0.18116,-0.17016,0.18955,0.03375,-0.04074,-0.1781,-0.03962,-0.21331,0.19102,-0.01114,-0.03065,-0.15849,-0.08263,-0.25835,0.16619,-0.0249,-0.05422,-0.11822,-0.06369,-0.27269,0.18613,-4e-05,-0.04837,-0.16178,-0.04379,-0.22776,0.08722,0.00119,0.06643,-0.0846,0.00281,-0.06499,0.08507,-0.40726,0.07906,-0.01158,-0.32014,-0.08622,-0.00326,-0.60787,0.36043,-0.06566,-0.68597,0.07295,-0.02954,-0.63034,0.39095,-0.06777,-0.71687,0.04929,0.01084,-0.68492,0.36559,-0.00136,-0.74596,-0.04963
0.01234,0.59064,-0.37023,0.02316,0.6165,-0.35683,0.02527,0.61541,-0.34501,0.02443,0.61567,-0.34855,-0.00136,0.62385,-0.38023,-0.00016,0.62152,-0.39347,0.00516,0.609,-0.37259,0.05563,0.61718,-0.22837,-0.08908,0.55675,-0.28208,0.0379,0.5851,-0.31063,0.00164,0.54744,-0.35182,0.12745,0.46181,-0.07031,-0.14925,0.48813,-0.13795,0.14631,0.26066,-0.03874,-0.17719,0.18108,-0.1703,0.17408,0.03289,-0.04263,-0.17342,-0.0395,-0.21784,0.17048,-0.01204,-0.03227,-0.15201,-0.08245,-0.2643,0.14848,-0.02606,-0.05592,-0.1102,-0.06336,-0.27724,0.17055,-0.00102,-0.05019,-0.15641,-0.04363,-0.23183,0.08723,0.00113,0.06634,-0.08469,0.00285,-0.06494,0.09195,-0.40586,0.07658,-0.01517,-0.31731,-0.08023,0.0014,-0.59495,0.35908,-0.06431,-0.6728,0.10556,-0.02517,-0.61658,0.39177,-0.06509,-0.70277,0.0847,0.0181,-0.67079,0.37301,-0.00051,-0.73307,-0.01196
0.01376,0.60123,-0.34551,0.02403,0.6273,-0.33302,0.02587,0.6262,-0.32097,0.02515,0.6266,-0.32528,-0.00052,0.63608,-0.35649,0.00028,0.63307,-0.3694,0.00576,0.6202,-0.34903,0.05555,0.62828,-0.21118,-0.08864,0.56781,-0.26371,0.03848,0.59674,-0.28759,0.00253,0.55817,-0.32753,0.12758,0.47006,-0.06036,-0.1493,0.49585,-0.13262,0.14732,0.26564,-0.01824,-0.17995,0.18267,-0.16918,0.17236,0.03282,0.00463,-0.16347,-0.04158,-0.21349,0.16676,-0.01224,0.01952,-0.13917,-0.08416,-0.26238,0.14475,-0.02651,-0.00296,-0.0941,-0.06515,-0.27152,0.16895,-0.00106,-0.00077,-0.14617,-0.04543,-0.2261,0.08723,0.00114,0.06638,-0.0847,0.00278,-0.06495,0.09533,-0.40555,0.08953,-0.01824,-0.32026,-0.05016,0.00922,-0.59861,0.35798,-0.0635,-0.67313,0.15433,-0.01728,-0.62194,0.38953,-0.06434,-0.70319,0.13359,0.03526,-0.66952,0.37345,-0.00234,-0.73537,0.0519
0.0167,0.60618,-0.34368,0.02689,0.63261,-0.33114,0.02829,0.63143,-0.31921,0.02765,0.63175,-0.32339,0.00228,0.64114,-0.35497,0.00274,0.63812,-0.3679,0.00854,0.62523,-0.34762,0.05569,0.63363,-0.21031,-0.08741,0.57296,-0.26343,0.03996,0.60145,-0.28623,0.00436,0.56268,-0.32652,0.12766,0.47668,-0.05294,-0.14883,0.49778,-0.13262,0.14642,0.27231,-0.00695,-0.18054,0.18322,-0.16713,0.16279,0.04261,0.00665,-0.15473,-0.04144,-0.20619,0.15247,-0.00153,0.01969,-0.12644,-0.08362,-0.25684,0.13461,-0.01276,-0.00301,-0.0805,-0.06228,-0.26318,0.15976,0.01095,0.00069,-0.13624,-0.04471,-0.21725,0.08731,0.00125,0.06641,-0.08486,0.00256,-0.06494,0.10023,-0.40466,0.09929,-0.02405,-0.32239,-0.02801,0.03741,-0.60213,0.37125,-0.0639,-0.67263,0.19452,0.01366,-0.62625,0.40379,-0.06487,-0.70254,0.17561,0.06379,-0.67458,0.38786,-0.00549,-0.73511,0.09449
0.01815,0.6064,-0.34067,0.02868,0.63259,-0.32739,0.02998,0.63149,-0.31562,0.02926,0.63162,-0.31944,0.00394,0.64074,-0.35046,0.00424,0.63791,-0.36331,0.01022,0.6251,-0.34319,0.05715,0.63307,-0.20419,-0.08657,0.57311,-0.25621,0.04135,0.60121,-0.28336,0.00534,0.56287,-0.32309,0.12875,0.47797,-0.04519,-0.14937,0.49769,-0.12354,0.14803,0.27598,-0.00091,-0.17932,0.18328,-0.14779,0.159,0.05483,-0.0012,-0.14623,-0.0412,-0.18505,0.1459,0.01167,0.0099,-0.11669,-0.08353,-0.23325,0.12755,0.00305,-0.01309,-0.07258,-0.06095,-0.24123,0.15488,0.02421,-0.00768,-0.12755,-0.04403,-0.19577,0.08907,0.00148,0.06569,-0.0868,0.00205,-0.06394,0.10782,-0.40128,0.07777,-0.03286,-0.32172,-0.0292,0.07383,-0.58714,0.37114,-0.06109,-0.6512,0.21452,0.05257,-0.61038,0.40647,-0.06083,-0.6791,0.19913,0.08847,-0.66758,0.39341,-0.0067,-0.71802,0.12475
0.02165,0.60579,-0.33478,0.03222,0.63176,-0.32175,0.03317,0.63066,-0.30991,0.03256,0.6308,-0.31405,0.00762,0.63988,-0.34468,0.00761,0.63711,-0.35765,0.01391,0.62429,-0.33762,0.05883,0.63292,-0.20018,-0.0834,0.57305,-0.25186,0.04473,0.60089,-0.27807,0.00872,0.56265,-0.3176,0.13114,0.47941,-0.04086,-0.14806,0.49883,-0.12118,0.14921,0.27605,0.00459,-0.17373,0.18636,-0.14699,0.16369,0.05455,0.00769,-0.13155,-0.0349,-0.18414,0.15263,0.01013,0.0183,-0.10093,-0.07836,-0.23253,0.1329,0.0007,-0.00503,-0.05511,-0.0534,-0.24142,0.15951,0.0234,0.00106,-0.11209,-0.03736,-0.19522,0.08942,0.00163,0.06527,-0.08723,0.00179,-0.06347,0.11253,-0.40101,0.08864,-0.03422,-0.3217,-0.01228,0.09911,-0.61549,0.3684,-0.05902,-0.64213,0.23415,0.08047,-0.64446,0.40225,-0.05847,-0.66933,0.21755,0.13403,-0.69401,0.38832,-0.00918,-0.70689,0.14783
0.02173,0.60858,-0.31232,0.03239,0.63423,-0.30055,0.03332,0.63326,-0.28845,0.03274,0.63343,-0.29321,0.00795,0.64356,-0.32277,0.00782,0.64055,-0.33545,0.01415,0.62759,-0.3158,0.05886,0.63705,-0.18423,-0.08165,0.58077,-0.23279,0.04482,0.60526,-0.25681,0.00896,0.56726,-0.29488,0.13131,0.48132,-0.03781,-0.14781,0.51001,-0.10769,0.14978,0.27562,0.00838,-0.17205,0.19529,-0.14287,0.16662,0.04541,0.03485,-0.12133,-0.03254,-0.17844,0.157,-0.00162,0.04844,-0.08911,-0.07695,-0.22656,0.13616,-0.01431,0.0256,-0.04169,-0.05288,-0.23514,0.16232,0.01373,0.02938,-0.10166,-0.03541,-0.18959,0.08942,0.00167,0.06392,-0.08723,0.00169,-0.06225,0.11491,-0.40019,0.08831,-0.03618,-0.32443,-0.01349,0.10974,-0.66172,0.32708,-0.05915,-0.64615,0.22237,0.09154,-0.69403,0.35524,-0.05891,-0.67369,0.20386,0.15673,-0.7277,0.33348,-0.01376,-0.71111,0.13688
0.02291,0.60965,-0.31499,0.03402,0.63463,-0.30237,0.03491,0.6337,-0.2903,0.03426,0.6337,-0.2949,0.0099,0.64393,-0.32436,0.00976,0.64113,-0.33724,0.01616,0.62821,-0.31751,0.06023,0.63623,-0.18531,-0.07976,0.58134,-0.23391,0.0458,0.60563,-0.2594,0.00998,0.56841,-0.29819,0.1319,0.48085,-0.03384,-0.14741,0.51066,-0.10698,0.1519,0.27523,0.02102,-0.16937,0.203,-0.13825,0.16815,0.04636,0.04646,-0.1158,-0.02092,-0.17182,0.15716,-0.0013,0.05907,-0.08172,-0.06709,-0.22014,0.13585,-0.01327,0.03615,-0.03408,-0.04058,-0.22803,0.16362,0.01454,0.0406,-0.09467,-0.0234,-0.18241,0.08946,0.00178,0.06361,-0.08729,0.00153,-0.06196,0.12206,-0.39739,0.08898,-0.03694,-0.32125,-0.00402,0.13008,-0.67047,0.32417,-0.0619,-0.63943,0.24542,0.11368,-0.70402,0.35185,-0.06182,-0.66684,0.22862,0.1811,-0.73613,0.3204,-0.02459,-0.69895,0.15472
0.02298,0.60923,-0.31924,0.03426,0.63409,-0.30664,0.03519,0.63314,-0.29457,0.03449,0.63317,-0.2991,0.01021,0.64332,-0.32818,0.01018,0.64051,-0.34113,0.01654,0.62761,-0.32126,0.06139,0.63578,-0.18926,-0.0782,0.58056,-0.23618,0.04624,0.60509,-0.26352,0.01056,0.56803,-0.30222,0.13296,0.48054,-0.03707,-0.14706,0.51002,-0.10675,0.15292,0.27359,0.01378,-0.16449,0.20369,-0.13933,0.16869,0.04617,0.03654,-0.11063,-0.01723,-0.17358,0.15892,-0.00148,0.0495,-0.07672,-0.06418,-0.22053,0.13718,-0.01337,0.02604,-0.0291,-0.0367,-0.22941,0.16402,0.01423,0.0303,-0.08885,-0.01968,-0.18467,0.08945,0.00213,0.0621,-0.0873,0.00118,-0.06058,0.12611,-0.39479,0.08021,-0.03893,-0.31606,-0.01033,0.14857,-0.68399,0.27958,-0.06502,-0.63352,0.22685,0.13353,-0.71855,0.30316,-0.06525,-0.66073,0.20906,0.20185,-0.74607,0.26005,-0.03438,-0.69291,0.1342
0.03074,0.60332,-0.32122,0.04109,0.62862,-0.30818,0.04197,0.62763,-0.29624,0.04133,0.62772,-0.30046,0.01795,0.63743,-0.32898,0.01809,0.63467,-0.34186,0.02448,0.62158,-0.32195,0.06336,0.63479,-0.19296,-0.07205,0.57846,-0.24444,0.05237,0.6015,-0.26494,0.01843,0.56373,-0.30262,0.13383,0.48018,-0.04171,-0.14366,0.50946,-0.11602,0.15906,0.27287,0.01112,-0.16178,0.20405,-0.15202,0.17637,0.04597,0.02984,-0.10627,-0.01512,-0.18011,0.16523,-0.00162,0.0427,-0.07139,-0.06138,-0.22804,0.14358,-0.01322,0.01922,-0.02355,-0.03281,-0.23574,0.17227,0.01403,0.02347,-0.08463,-0.01705,-0.19071,0.08932,0.00216,0.06179,-0.08717,0.00116,-0.06041,0.13276,-0.396,0.08047,-0.04472,-0.3149,-0.00397,0.16664,-0.7073,0.25087,-0.07567,-0.63526,0.22481,0.15238,-0.74274,0.27081,-0.07712,-0.66283,0.20555,0.22429,-0.76332,0.23215,-0.04911,-0.69536,0.14078
0.03177,0.60167,-0.32337,0.04163,0.62722,-0.31043,0.04249,0.62623,-0.29851,0.04194,0.62639,-0.30267,0.01875,0.63592,-0.3315,0.01889,0.63303,-0.34442,0.02523,0.61986,-0.32444,0.06357,0.6343,-0.19531,-0.06995,0.57782,-0.24602,0.05371,0.60095,-0.26707,0.02037,0.56257,-0.30511,0.135,0.47993,-0.05376,-0.1423,0.50915,-0.11751,0.16392,0.26897,-0.00466,-0.16082,0.20358,-0.15546,0.18098,0.03914,0.02604,-0.10288,-0.0159,-0.18121,0.16985,-0.00898,0.03863,-0.06737,-0.06178,-0.22886,0.14666,-0.02054,0.01527,-0.01973,-0.03364,-0.23603,0.17687,0.00744,0.01955,-0.08162,-0.01783,-0.1916,0.08932,0.00196,0.06027,-0.08715,0.00136,-0.05919,0.1311,-0.40202,0.06837,-0.05109,-0.31443,-0.00784,0.1713,-0.73124,0.22255,-0.08891,-0.6306,0.2186,0.15761,-0.76729,0.24165,-0.09193,-0.65753,0.19929,0.22603,-0.78789,0.20707,-0.06742,-0.69185,0.14235
0.03474,0.59461,-0.35481,0.04453,0.61961,-0.34371,0.04528,0.61855,-0.33148,0.04476,0.6186,-0.33609,0.0214,0.62759,-0.36507,0.02174,0.62492,-0.37835,0.02799,0.61163,-0.35805,0.06629,0.62753,-0.23081,-0.0678,0.56964,-0.27888,0.05715,0.594,-0.29878,0.02383,0.55565,-0.33791,0.13756,0.47722,-0.08017,-0.14136,0.50358,-0.1408,0.16888,0.26592,-0.03368,-0.15997,0.20117,-0.17599,0.18153,0.03845,-0.00163,-0.10282,-0.0162,-0.20345,0.17008,-0.01,0.01221,-0.06693,-0.06162,-0.25194,0.14662,-0.02095,-0.01133,-0.01909,-0.03221,-0.25951,0.17712,0.00675,-0.00791,-0.08108,-0.01782,-0.21416,0.0893,0.00197,0.05942,-0.08714,0.00137,-0.05853,0.13385,-0.4021,0.06133,-0.05824,-0.31147,-0.00543,0.18523,-0.73112,0.20505,-0.10394,-0.61573,0.23491,0.17266,-0.76698,0.22296,-0.10763,-0.64115,0.21738,0.24423,-0.78575,0.17733,-0.08045,-0.67471,0.16233
0.03451,0.59116,-0.36265,0.04426,0.616,-0.35154,0.04501,0.61487,-0.33932,0.04451,0.61494,-0.34402,0.02106,0.62395,-0.37376,0.02138,0.62124,-0.3871,0.02763,0.60768,-0.36685,0.06625,0.6248,-0.23858,-0.06801,0.5655,-0.28797,0.05704,0.59056,-0.30658,0.02355,0.55196,-0.34614,0.13734,0.4745,-0.08477,-0.14132,0.50135,-0.15269,0.16837,0.25913,-0.03758,-0.16018,0.19792,-0.18171,0.18159,0.02914,-0.0038,-0.10535,-0.01679,-0.20457,0.17025,-0.01946,0.01046,-0.07,-0.06191,-0.25238,0.14678,-0.03129,-0.0129,-0.02263,-0.03282,-0.26042,0.17718,-0.00261,-0.01005,-0.08405,-0.01804,-0.21539,0.08895,0.00151,0.05942,-0.08679,0.00187,-0.05853,0.13192,-0.40526,0.06421,-0.06326,-0.3082,0.01479,0.16958,-0.74251,0.21269,-0.12504,-0.59991,0.2738,0.15563,-0.77975,0.23118,-0.13029,-0.62421,0.25782,0.23188,-0.79867,0.18982,-0.09168,-0.65907,0.21131
0.03441,0.58479,-0.38441,0.0441,0.60912,-0.37331,0.04489,0.60795,-0.36095,0.04441,0.60792,-0.36558,0.02089,0.61683,-0.39448,0.02126,0.6145,-0.40853,0.02752,0.60078,-0.38783,0.06643,0.61577,-0.25962,-0.06811,0.55802,-0.30545,0.05686,0.58272,-0.32788,0.02331,0.54537,-0.36765,0.13735,0.46699,-0.09348,-0.14054,0.49424,-0.17098,0.16691,0.244,-0.05444,-0.15759,0.19008,-0.20317,0.17981,0.0154,-0.0382,-0.10719,-0.01832,-0.23482,0.16826,-0.03307,-0.02489,-0.07286,-0.06225,-0.28497,0.14587,-0.04458,-0.04934,-0.02578,-0.0332,-0.29228,0.17589,-0.01643,-0.04519,-0.0862,-0.01892,-0.24606,0.08821,0.0008,0.05938,-0.08619,0.00268,-0.05851,0.13064,-0.40479,0.0649,-0.07067,-0.29916,0.0275,0.16128,-0.7363,0.20386,-0.13845,-0.57658,0.29792,0.14662,-0.77325,0.22179,-0.14331,-0.59926,0.28346,0.22315,-0.7945,0.17524,-0.10102,-0.63265,0.23499
0.03666,0.5849,-0.3798,0.04621,0.60945,-0.36905,0.04668,0.60828,-0.35663,0.04653,0.60833,-0.36144,0.02341,0.61739,-0.3916,0.02343,0.61499,-0.40571,0.02993,0.60125,-0.38537,0.0672,0.61599,-0.25867,-0.06629,0.55839,-0.30111,0.05867,0.58302,-0.32396,0.02533,0.5456,-0.36385,0.13741,0.46702,-0.09226,-0.13926,0.4951,-0.16455,0.16685,0.24476,-0.04841,-0.15781,0.19015,-0.19817,0.19106,0.01172,-0.01148,-0.10765,-0.02385,-0.22361,0.18466,-0.03629,0.00498,-0.07527,-0.06736,-0.27128,0.164,-0.05141,-0.01981,-0.02857,-0.04145,-0.27931,0.18902,-0.02113,-0.01831,-0.08796,-0.02613,-0.23451,0.08777,7e-05,0.05932,-0.08571,0.00334,-0.05848,0.12641,-0.40541,0.06856,-0.07158,-0.29539,0.03352,0.15479,-0.73536,0.21744,-0.14316,-0.55184,0.31741,0.14032,-0.77223,0.23683,-0.14953,-0.57249,0.30383,0.21459,-0.7922,0.1967,-0.10757,-0.6058,0.27021
0.03636,0.58772,-0.36333,0.04597,0.61225,-0.35182,0.04649,0.61117,-0.33947,0.04629,0.61132,-0.34452,0.02311,0.62065,-0.37476,0.02315,0.61809,-0.3886,0.02962,0.60395,-0.36872,0.0671,0.61932,-0.24235,-0.06652,0.56085,-0.28798,0.05851,0.58581,-0.30852,0.02506,0.54844,-0.34744,0.13827,0.46698,-0.08944,-0.14092,0.49804,-0.14948,0.16852,0.24408,-0.04541,-0.16122,0.19101,-0.17607,0.20817,0.00508,-0.01092,-0.11885,-0.02399,-0.19871,0.20738,-0.04582,0.00515,-0.0898,-0.06794,-0.24189,0.18259,-0.0654,-0.0195,-0.0443,-0.04373,-0.25488,0.20532,-0.02978,-0.01767,-0.10071,-0.02668,-0.211,0.08792,-0.00107,0.05706,-0.08579,0.00426,-0.05634,0.11457,-0.40762,0.06875,-0.07541,-0.28976,0.03297,0.12739,-0.73442,0.2252,-0.15246,-0.5304,0.32753,0.11146,-0.77118,0.24504,-0.16005,-0.5497,0.31532,0.19423,-0.7972,0.20084,-0.12601,-0.58821,0.29307
0.03423,0.58697,-0.3623,0.04372,0.61151,-0.35089,0.0441,0.61041,-0.33853,0.04408,0.61055,-0.3435,0.02148,0.62007,-0.3735,0.02132,0.61755,-0.38725,0.02797,0.60345,-0.36731,0.06267,0.61871,-0.24036,-0.06919,0.56079,-0.2868,0.05538,0.58507,-0.30729,0.02236,0.54796,-0.34612,0.1335,0.46693,-0.08841,-0.14489,0.49768,-0.14892,0.16914,0.24491,-0.04484,-0.16914,0.1901,-0.17613,0.20866,0.00545,-0.01206,-0.14035,-0.02757,-0.19823,0.20663,-0.04635,0.00314,-0.115,-0.07144,-0.24098,0.18047,-0.06625,-0.02125,-0.07018,-0.04986,-0.25416,0.20488,-0.03009,-0.01894,-0.12334,-0.03161,-0.21049,0.08761,-0.00132,0.05678,-0.08539,0.0045,-0.05608,0.10844,-0.40784,0.0693,-0.07997,-0.28847,0.02817,0.11501,-0.73463,0.22969,-0.17165,-0.53088,0.30939,0.09817,-0.77175,0.24996,-0.18142,-0.55025,0.29606,0.1833,-0.80012,0.20493,-0.14493,-0.59047,0.26497
0.02713,0.58784,-0.34648,0.03676,0.61222,-0.33379,0.03711,0.61122,-0.32171,0.03732,0.61136,-0.32687,0.01501,0.62147,-0.35784,0.0147,0.61896,-0.37123,0.02125,0.60489,-0.35158,0.05435,0.61881,-0.22214,-0.07676,0.56233,-0.27528,0.047,0.58557,-0.2913,0.01404,0.54898,-0.33189,0.12392,0.46668,-0.0823,-0.1539,0.49772,-0.13996,0.16909,0.24556,-0.04222,-0.18611,0.18994,-0.17523,0.2077,0.00156,-0.00917,-0.16376,-0.03239,-0.19781,0.20537,-0.0523,0.00571,-0.13976,-0.07688,-0.24004,0.17831,-0.07452,-0.01824,-0.09404,-0.05874,-0.2528,0.20359,-0.03517,-0.01598,-0.14696,-0.03784,-0.20991,0.08721,-0.0015,0.0567,-0.08488,0.00467,-0.05597,0.098,-0.40978,0.06918,-0.08097,-0.28913,0.01279,0.09822,-0.73858,0.232,-0.18527,-0.53306,0.30234,0.08039,-0.7759,0.25294,-0.19665,-0.55207,0.29161,0.1617,-0.80172,0.21243,-0.15558,-0.58812,0.24953
0.02348,0.58293,-0.36292,0.03425,0.60698,-0.34981,0.0345,0.60606,-0.3379,0.0348,0.60614,-0.34263,0.01226,0.61639,-0.37349,0.01208,0.61419,-0.38706,0.01863,0.60022,-0.36717,0.054,0.61127,-0.2344,-0.07925,0.55806,-0.2868,0.04395,0.57918,-0.30643,0.01054,0.54411,-0.34737,0.12413,0.46046,-0.08973,-0.15866,0.49133,-0.14317,0.16904,0.24103,-0.05124,-0.1913,0.18577,-0.17616,0.20915,-0.0062,-0.03036,-0.19423,-0.03507,-0.1995,0.20838,-0.06127,-0.01795,-0.1768,-0.07914,-0.24051,0.1808,-0.08378,-0.04349,-0.1351,-0.06243,-0.25443,0.20494,-0.04414,-0.03843,-0.17897,-0.0416,-0.21193,0.08752,-0.00171,0.05624,-0.08514,0.00482,-0.05543,0.09485,-0.40955,0.06655,-0.08231,-0.28914,0.00714,0.09203,-0.73631,0.23345,-0.20451,-0.53277,0.29823,0.07338,-0.77398,0.25387,-0.2183,-0.55188,0.28757,0.14039,-0.7987,0.21674,-0.18224,-0.59233,0.24656
0.02049,0.57838,-0.36359,0.0319,0.60271,-0.35126,0.03209,0.60199,-0.33947,0.03247,0.6021,-0.34418,0.01061,0.6123,-0.37459,0.0105,0.61026,-0.38804,0.01712,0.59656,-0.36821,0.05206,0.60644,-0.23832,-0.07939,0.55444,-0.28867,0.04119,0.57421,-0.30806,0.00863,0.53976,-0.34835,0.12349,0.45596,-0.09642,-0.16101,0.48666,-0.14278,0.16983,0.23842,-0.05912,-0.20279,0.18281,-0.17533,0.21035,-0.00838,-0.04021,-0.21665,-0.03508,-0.20061,0.20941,-0.06485,-0.02919,-0.20107,-0.07896,-0.24111,0.18088,-0.08767,-0.05418,-0.15882,-0.06227,-0.25608,0.2057,-0.04687,-0.04812,-0.2015,-0.04166,-0.21314,0.08759,-0.00172,0.05361,-0.08515,0.00479,-0.05272,0.09206,-0.40891,0.05715,-0.08147,-0.29704,-0.0313,0.08422,-0.72569,0.23498,-0.2076,-0.52686,0.29423,0.06434,-0.76279,0.25512,-0.22274,-0.54363,0.2855,0.12202,-0.79796,0.21813,-0.2013,-0.58867,0.25695
0.02059,0.57773,-0.3708,0.03203,0.60206,-0.35813,0.03224,0.60135,-0.34655,0.03259,0.60149,-0.35119,0.01067,0.61162,-0.38144,0.01056,0.60966,-0.39483,0.01717,0.59598,-0.37492,0.05223,0.60519,-0.24419,-0.07905,0.55294,-0.29407,0.04148,0.57321,-0.31523,0.00884,0.53881,-0.35524,0.12422,0.45494,-0.09756,-0.16036,0.48455,-0.146,0.1803,0.23864,-0.05951,-0.20181,0.18155,-0.17948,0.2388,-0.00648,-0.04409,-0.2224,-0.0347,-0.21158,0.24267,-0.06209,-0.03276,-0.20997,-0.07828,-0.25132,0.2148,-0.08441,-0.05926,-0.16759,-0.06159,-0.26844,0.23491,-0.04461,-0.05276,-0.20787,-0.04134,-0.2245,0.08751,-0.00177,0.05354,-0.08501,0.0048,-0.05262,0.08909,-0.40332,0.05836,-0.07635,-0.29709,-0.03441,0.07031,-0.71083,0.25149,-0.19966,-0.52878,0.29309,0.04925,-0.74758,0.27614,-0.21448,-0.54638,0.28559,0.10947,-0.79264,0.24818,-0.19009,-0.59445,0.26143
0.02072,0.57801,-0.37524,0.03233,0.60249,-0.36133,0.03253,0.60173,-0.3499,0.03283,0.60187,-0.35446,0.01081,0.61201,-0.38466,0.0108,0.60994,-0.39811,0.01734,0.59627,-0.37814,0.05392,0.60546,-0.24481,-0.07878,0.5531,-0.29482,0.04157,0.57379,-0.31895,0.00899,0.53914,-0.35925,0.12539,0.45525,-0.09686,-0.16008,0.4829,-0.14732,0.19404,0.23907,-0.05772,-0.20447,0.17997,-0.18348,0.26024,-0.00215,-0.04591,-0.23188,-0.03453,-0.21738,0.2656,-0.05771,-0.0351,-0.21954,-0.07816,-0.2557,0.23969,-0.07981,-0.06212,-0.17989,-0.06116,-0.27282,0.25774,-0.0404,-0.05526,-0.21809,-0.04112,-0.23043,0.08642,-0.0015,0.05501,-0.08369,0.00441,-0.05399,0.08845,-0.39279,0.06489,-0.05729,-0.29618,-0.03581,0.05363,-0.70099,0.25321,-0.1941,-0.53371,0.28876,0.03167,-0.7377,0.27787,-0.20599,-0.55226,0.28395,0.10142,-0.78071,0.24844,-0.18752,-0.59907,0.2553
0.02048,0.57837,-0.37727,0.03235,0.60272,-0.36281,0.0326,0.60202,-0.35152,0.03285,0.60223,-0.35598,0.01066,0.61214,-0.38613,0.01073,0.61022,-0.39955,0.01722,0.59669,-0.3795,0.05451,0.60581,-0.24486,-0.07869,0.55325,-0.29447,0.04178,0.57412,-0.32079,0.00896,0.53928,-0.36099,0.126,0.45558,-0.09576,-0.15956,0.48213,-0.14722,0.1999,0.23949,-0.05846,-0.20734,0.17734,-0.18386,0.27481,-0.00036,-0.05795,-0.24253,-0.03379,-0.22156,0.28344,-0.05614,-0.04883,-0.23274,-0.07731,-0.25901,0.25606,-0.07878,-0.07596,-0.19647,-0.05981,-0.27737,0.27224,-0.03905,-0.06785,-0.23014,-0.04037,-0.23528,0.08589,-0.00102,0.05597,-0.08296,0.00379,-0.05491,0.08688,-0.38338,0.0688,-0.04289,-0.29666,-0.06613,0.04353,-0.68438,0.25645,-0.16978,-0.54224,0.24233,0.02124,-0.72024,0.2812,-0.18273,-0.56107,0.23608,0.09274,-0.76031,0.25093,-0.1488,-0.61834,0.20406
0.02022,0.58064,-0.38145,0.03233,0.60444,-0.36613,0.03265,0.60369,-0.355,0.03283,0.60398,-0.35917,0.01035,0.61317,-0.38902,0.01053,0.61156,-0.4025,0.01695,0.59823,-0.38223,0.05643,0.60612,-0.24575,-0.07864,0.5534,-0.29399,0.04193,0.57529,-0.32431,0.009,0.54072,-0.36421,0.12943,0.45583,-0.09523,-0.15925,0.48226,-0.14669,0.20793,0.24246,-0.05946,-0.20642,0.17669,-0.18352,0.28572,0.01099,-0.07122,-0.25075,-0.03258,-0.22501,0.29585,-0.04229,-0.06413,-0.24476,-0.07582,-0.26308,0.26734,-0.0631,-0.09173,-0.21108,-0.05737,-0.28379,0.28269,-0.02701,-0.08174,-0.23996,-0.03919,-0.2402,0.0853,-0.00078,0.05749,-0.08227,0.00353,-0.05631,0.08577,-0.37838,0.07929,-0.02321,-0.29669,-0.06253,0.0325,-0.6754,0.26416,-0.14516,-0.56687,0.22601,0.0102,-0.71077,0.28862,-0.1571,-0.58861,0.21687,0.08466,-0.74581,0.25585,-0.1122,-0.64152,0.17422
0.02027,0.59022,-0.38113,0.03242,0.61252,-0.36589,0.03281,0.6116,-0.35478,0.03289,0.61202,-0.35882,0.01038,0.6207,-0.38846,0.01056,0.61957,-0.40196,0.01698,0.60625,-0.38163,0.05996,0.60854,-0.24568,-0.07733,0.55636,-0.29285,0.04248,0.58249,-0.32428,0.00918,0.54852,-0.36379,0.13527,0.45772,-0.0948,-0.15691,0.48495,-0.14446,0.21796,0.25483,-0.06607,-0.20517,0.1792,-0.18325,0.29445,0.03544,-0.09432,-0.25308,-0.02542,-0.23345,0.30487,-0.01435,-0.09111,-0.24793,-0.06879,-0.27247,0.27495,-0.03173,-0.11885,-0.21551,-0.04904,-0.29498,0.29076,-0.00079,-0.10563,-0.24244,-0.0323,-0.25029,0.08492,-0.00069,0.05891,-0.08189,0.00346,-0.05756,0.08222,-0.3772,0.09309,-0.01973,-0.29769,-0.05013,0.02676,-0.67056,0.28126,-0.11662,-0.61744,0.21317,0.00545,-0.70512,0.30555,-0.12331,-0.64419,0.19804,0.0751,-0.74167,0.26839,-0.07029,-0.68593,0.13633
0.02125,0.5939,-0.38797,0.0334,0.61679,-0.37268,0.03383,0.61573,-0.36145,0.03381,0.6165,-0.36523,0.01092,0.62432,-0.39597,0.01137,0.62339,-0.41004,0.01746,0.61024,-0.38913,0.06119,0.61112,-0.24985,-0.07696,0.55754,-0.29645,0.04365,0.58538,-0.32989,0.00988,0.55102,-0.37053,0.13522,0.45963,-0.09423,-0.15182,0.48669,-0.1461,0.21363,0.25939,-0.06748,-0.20497,0.18299,-0.19578,0.2912,0.04179,-0.09434,-0.26066,-0.01613,-0.26185,0.30364,-0.00306,-0.09081,-0.25713,-0.05552,-0.30564,0.27981,-0.01825,-0.11854,-0.22571,-0.03368,-0.32666,0.29033,0.00652,-0.1058,-0.25084,-0.0219,-0.27967,0.08397,-0.0004,0.06102,-0.0811,0.00328,-0.05942,0.07747,-0.37696,0.14822,-0.01809,-0.30292,-0.02826,0.01942,-0.65848,0.3551,-0.10009,-0.65745,0.19955,-0.00283,-0.69165,0.38109,-0.10417,-0.68672,0.18006,0.05614,-0.73438,0.34052,-0.04574,-0.7246,0.10101
0.02234,0.59415,-0.39112,0.03384,0.61749,-0.37655,0.03444,0.61634,-0.36541,0.03445,0.61725,-0.36906,0.01169,0.62479,-0.4016,0.01246,0.62382,-0.41589,0.01827,0.61078,-0.39473,0.0609,0.61143,-0.25613,-0.07667,0.55756,-0.30646,0.04402,0.58556,-0.33325,0.01051,0.55105,-0.376,0.13219,0.4597,-0.09835,-0.15058,0.48685,-0.15091,0.21132,0.26071,-0.08394,-0.20437,0.18392,-0.19495,0.28481,0.04153,-0.12174,-0.26545,-0.01404,-0.25467,0.29811,-0.0028,-0.12145,-0.2615,-0.0514,-0.29868,0.27474,-0.01722,-0.14769,-0.23607,-0.02915,-0.3168,0.28425,0.00673,-0.13369,-0.25736,-0.01874,-0.2708,0.08346,-0.00019,0.06408,-0.0806,0.00321,-0.06277,0.06585,-0.37773,0.17378,-0.01376,-0.30901,-0.02943,0.01421,-0.66367,0.38011,-0.07951,-0.69428,0.15294,-0.00649,-0.69743,0.40528,-0.08104,-0.72554,0.12971,0.0618,-0.73578,0.3646,-0.01121,-0.74936,0.03645
0.02214,0.58906,-0.39579,0.03317,0.61408,-0.38132,0.034,0.61263,-0.37007,0.03398,0.61386,-0.37368,0.01119,0.62112,-0.40783,0.01213,0.61999,-0.42242,0.01779,0.60728,-0.4008,0.05779,0.61028,-0.2606,-0.07888,0.55563,-0.31476,0.0433,0.58164,-0.33739,0.00973,0.54651,-0.38172,0.1186,0.45975,-0.10143,-0.14927,0.48693,-0.15978,0.19544,0.26168,-0.08874,-0.20109,0.18405,-0.20524,0.28306,0.0412,-0.11277,-0.26645,-0.01275,-0.25157,0.29175,-0.00263,-0.10897,-0.26497,-0.04789,-0.29342,0.26771,-0.01709,-0.13421,-0.24278,-0.02562,-0.31293,0.28011,0.00663,-0.1238,-0.2607,-0.01665,-0.26852,0.08064,0.0003,0.06766,-0.07776,0.00299,-0.06666,0.05026,-0.37579,0.18622,-0.00428,-0.31286,-0.03784,0.00376,-0.66236,0.37932,-0.06379,-0.7058,0.10414,-0.01693,-0.69637,0.40301,-0.06563,-0.73736,0.0781,0.05561,-0.73264,0.37432,0.00753,-0.76103,-0.00377
0.01829,0.58055,-0.39743,0.02874,0.60601,-0.38378,0.03004,0.60457,-0.37235,0.02991,0.60593,-0.37599,0.00708,0.61322,-0.40965,0.00854,0.61181,-0.42414,0.01379,0.59946,-0.40257,0.05436,0.60509,-0.26383,-0.08139,0.55043,-0.31498,0.04002,0.57432,-0.33916,0.00653,0.53888,-0.38265,0.11369,0.45811,-0.10307,-0.14925,0.48631,-0.1597,0.18698,0.26166,-0.08915,-0.20069,0.18417,-0.20395,0.27388,0.04076,-0.10609,-0.26515,-0.01313,-0.2492,0.28996,-0.00327,-0.10096,-0.26191,-0.04885,-0.29262,0.26668,-0.01759,-0.12593,-0.23921,-0.02648,-0.31004,0.27444,0.00645,-0.1167,-0.259,-0.01691,-0.26535,0.07978,0.00069,0.06933,-0.07683,0.00279,-0.06844,0.04676,-0.3766,0.16987,0.01283,-0.3148,-0.06307,-0.00162,-0.66354,0.35869,-0.0357,-0.70577,0.08805,-0.02366,-0.69792,0.38421,-0.03666,-0.737,0.06412,0.03924,-0.73749,0.35313,0.04205,-0.76299,-0.01384
0.01843,0.58049,-0.39674,0.02887,0.60619,-0.3827,0.03017,0.60476,-0.37126,0.02997,0.60608,-0.375,0.00717,0.61341,-0.40885,0.0086,0.61197,-0.42339,0.01388,0.59966,-0.40177,0.05407,0.60534,-0.2634,-0.08184,0.55049,-0.31396,0.04018,0.57436,-0.33819,0.00661,0.5388,-0.38199,0.11209,0.45816,-0.0965,-0.14823,0.48631,-0.16337,0.18572,0.26419,-0.08729,-0.19617,0.18417,-0.21502,0.27264,0.04802,-0.1082,-0.25865,-0.01899,-0.26226,0.28669,0.00403,-0.10552,-0.25702,-0.05797,-0.3058,0.26328,-0.00907,-0.12985,-0.23007,-0.03818,-0.32508,0.27286,0.01367,-0.11876,-0.25044,-0.02435,-0.27928,0.0782,0.00134,0.0756,-0.07518,0.00239,-0.07458,0.03807,-0.37688,0.19729,0.03039,-0.31771,-0.09187,-0.007,-0.66337,0.40648,-0.00842,-0.71496,0.04862,-0.02836,-0.69756,0.43256,-0.00796,-0.74669,0.02484,0.03935,-0.73717,0.41315,0.07678,-0.77321,-0.05313
0.02008,0.58127,-0.39693,0.03007,0.60824,-0.38206,0.03186,0.60646,-0.37059,0.03143,0.60795,-0.37441,0.00791,0.61496,-0.409,0.00952,0.61338,-0.42367,0.01461,0.6017,-0.40183,0.05417,0.60727,-0.26182,-0.08249,0.55106,-0.3142,0.0408,0.57531,-0.33772,0.00679,0.53932,-0.38261,0.11223,0.45825,-0.09503,-0.14764,0.48648,-0.16758,0.18215,0.266,-0.08562,-0.18806,0.18419,-0.22959,0.27228,0.04856,-0.10899,-0.23979,-0.02332,-0.28227,0.28464,0.00368,-0.10636,-0.23738,-0.0645,-0.32678,0.2611,-0.00953,-0.1304,-0.20571,-0.04595,-0.34639,0.27235,0.01371,-0.11957,-0.22898,-0.02938,-0.29961,0.07802,0.00193,0.07973,-0.07498,0.00217,-0.07879,0.03298,-0.37737,0.2241,0.0368,-0.31724,-0.12401,-0.00255,-0.65766,0.44171,0.01208,-0.72185,-0.02638,-0.02304,-0.69139,0.46801,0.01401,-0.75453,-0.05459,0.04655,-0.72631,0.45386,0.09557,-0.7742,-0.14096
0.02172,0.5818,-0.39612,0.03142,0.60946,-0.38019,0.03372,0.60753,-0.36864,0.03305,0.60905,-0.37261,0.00912,0.61595,-0.40863,0.01094,0.61423,-0.42314,0.01585,0.60304,-0.40161,0.05411,0.60845,-0.25572,-0.08284,0.55207,-0.31343,0.04102,0.57603,-0.33598,0.00692,0.53983,-0.38201,0.10895,0.45875,-0.09086,-0.14768,0.48686,-0.1675,0.17225,0.26697,-0.08484,-0.18759,0.18505,-0.2249,0.25916,0.0473,-0.10884,-0.22845,-0.02336,-0.27872,0.27588,0.00247,-0.10611,-0.2203,-0.06473,-0.32218,0.25049,-0.01129,-0.12962,-0.18667,-0.04589,-0.34221,0.25918,0.01252,-0.11938,-0.21581,-0.0293,-0.2957,0.07777,0.00286,0.08159,-0.07468,0.00163,-0.0808,0.03057,-0.37543,0.22834,0.03996,-0.31631,-0.13499,0.00074,-0.65161,0.4366,0.02733,-0.72247,-0.04367,-0.01934,-0.68551,0.46196,0.03063,-0.75532,-0.07223,0.04976,-0.72268,0.4495,0.11134,-0.77733,-0.15829
0.02398,0.5825,-0.39672,0.03351,0.61067,-0.3807,0.03623,0.6085,-0.3691,0.03527,0.61009,-0.37321,0.01103,0.61692,-0.40946,0.01309,0.61506,-0.42425,0.01771,0.60437,-0.40236,0.05449,0.60896,-0.25593,-0.08205,0.55216,-0.31576,0.04238,0.57678,-0.33677,0.00824,0.54024,-0.38359,0.10923,0.45881,-0.09217,-0.1459,0.48561,-0.17191,0.15868,0.26722,-0.09084,-0.18539,0.1805,-0.22642,0.23461,0.04645,-0.12481,-0.21566,-0.03497,-0.27478,0.25065,0.00129,-0.12346,-0.20367,-0.0794,-0.31745,0.22678,-0.01292,-0.14454,-0.1675,-0.05806,-0.33701,0.23484,0.01151,-0.1347,-0.20133,-0.03974,-0.29173,0.07748,0.00422,0.08251,-0.07436,0.00072,-0.08176,0.01875,-0.36481,0.25689,0.04137,-0.31598,-0.13727,-0.00706,-0.62101,0.48656,0.0333,-0.7258,-0.0582,-0.02544,-0.65319,0.5148,0.03747,-0.7585,-0.0872,0.05059,-0.6841,0.50934,0.11497,-0.77816,-0.17857
0.02738,0.58318,-0.39128,0.0362,0.6121,-0.37532,0.03909,0.60989,-0.36373,0.03803,0.61147,-0.36786,0.01405,0.61851,-0.40571,0.0161,0.61641,-0.42064,0.02067,0.60602,-0.39855,0.05437,0.61133,-0.24991,-0.08171,0.55405,-0.31532,0.0436,0.57776,-0.33127,0.00984,0.54105,-0.38035,0.10739,0.46071,-0.08731,-0.14594,0.48585,-0.17231,0.15169,0.27131,-0.08673,-0.18573,0.17986,-0.22435,0.2193,0.04695,-0.12083,-0.20828,-0.0376,-0.27291,0.23355,0.00049,-0.11831,-0.19329,-0.08163,-0.3144,0.20766,-0.01349,-0.14119,-0.15521,-0.05878,-0.33575,0.21843,0.01169,-0.13111,-0.19269,-0.04121,-0.29117,0.07736,0.00506,0.0844,-0.07421,0.00016,-0.08368,0.01492,-0.35067,0.26283,0.04068,-0.31584,-0.14048,-0.03531,-0.58238,0.50659,0.01982,-0.72224,-0.04622,-0.05678,-0.61245,0.53689,0.02235,-0.7548,-0.07306,0.01081,-0.65021,0.53588,0.10238,-0.77437,-0.1631
0.02747,0.5833,-0.39103,0.03623,0.61233,-0.3752,0.03912,0.61006,-0.36361,0.03804,0.61168,-0.36776,0.01412,0.61878,-0.40549,0.01621,0.6166,-0.42032,0.02073,0.6064,-0.39831,0.05348,0.61174,-0.25007,-0.08133,0.55419,-0.31555,0.04366,0.57791,-0.33123,0.00996,0.54114,-0.38002,0.10512,0.46093,-0.08728,-0.14449,0.48579,-0.17977,0.13944,0.2703,-0.08635,-0.18557,0.1763,-0.23557,0.20189,0.04651,-0.12028,-0.18948,-0.04349,-0.28006,0.21416,0.00028,-0.11816,-0.1698,-0.08756,-0.32411,0.19106,-0.01408,-0.13914,-0.12741,-0.06145,-0.33968,0.20183,0.01139,-0.12973,-0.17163,-0.04562,-0.29577,0.07673,0.00627,0.08631,-0.07362,-0.00077,-0.08551,0.0128,-0.33923,0.28185,0.03852,-0.31574,-0.13866,-0.0353,-0.55298,0.53763,0.01652,-0.71991,-0.04893,-0.05617,-0.58127,0.56967,0.01953,-0.75214,-0.07558,0.00754,-0.61652,0.57389,0.10015,-0.77028,-0.16578
0.02972,0.5858,-0.38998,0.03805,0.61485,-0.3741,0.04093,0.61245,-0.3624,0.03964,0.61401,-0.36666,0.01583,0.62116,-0.4047,0.01799,0.61881,-0.41969,0.02242,0.60891,-0.3975,0.05335,0.61331,-0.24944,-0.08063,0.55464,-0.31577,0.04484,0.5804,-0.33049,0.01171,0.54311,-0.37992,0.10496,0.46205,-0.08711,-0.14311,0.48393,-0.18713,0.13084,0.27019,-0.08589,-0.17147,0.16556,-0.24899,0.17516,0.04899,-0.11877,-0.1513,-0.05582,-0.29483,0.1811,0.00177,-0.11608,-0.12819,-0.10164,-0.34108,0.15839,-0.00776,-0.13704,-0.08407,-0.07232,-0.35362,0.17385,0.01523,-0.1279,-0.13267,-0.05663,-0.30898,0.07672,0.00708,0.08697,-0.07362,-0.00132,-0.08613,0.01511,-0.33724,0.27487,0.03719,-0.3115,-0.14908,-0.03198,-0.54563,0.52738,0.01275,-0.71921,-0.0575,-0.05292,-0.57345,0.55887,0.01511,-0.7512,-0.08366,0.01048,-0.61159,0.56097,0.09366,-0.76718,-0.17505
0.03394,0.59208,-0.37983,0.04107,0.62133,-0.36364,0.04388,0.61888,-0.35182,0.04236,0.62018,-0.35615,0.01881,0.62715,-0.39526,0.02099,0.62457,-0.41023,0.02536,0.61489,-0.38798,0.05282,0.61889,-0.23941,-0.08029,0.55717,-0.31385,0.04704,0.58656,-0.32064,0.01468,0.54807,-0.37212,0.10333,0.46916,-0.07479,-0.14017,0.48327,-0.18907,0.1236,0.27653,-0.07171,-0.15851,0.16037,-0.25065,0.14559,0.06787,-0.10338,-0.12575,-0.06156,-0.29353,0.14294,0.02281,-0.09731,-0.1006,-0.10642,-0.34087,0.12328,0.02196,-0.1139,-0.05595,-0.07518,-0.3515,0.14374,0.03818,-0.11042,-0.10767,-0.06102,-0.30679,0.07668,0.00744,0.08797,-0.07362,-0.00153,-0.08699,0.01689,-0.34083,0.26506,0.0346,-0.30408,-0.15595,-0.02915,-0.53887,0.51941,0.00775,-0.70146,-0.06795,-0.05039,-0.56501,0.55127,0.00989,-0.73289,-0.09475,0.01275,-0.60828,0.55458,0.08799,-0.74915,-0.19033
0.03384,0.6,-0.35002,0.04083,0.62975,-0.33532,0.04365,0.62768,-0.32332,0.04207,0.62861,-0.3275,0.01877,0.63582,-0.36779,0.02091,0.63307,-0.3823,0.02531,0.62322,-0.36035,0.04243,0.62873,-0.21529,-0.08191,0.56651,-0.30005,0.04566,0.59497,-0.29191,0.01442,0.55616,-0.34526,0.0875,0.47892,-0.05117,-0.14101,0.48714,-0.18797,0.10232,0.28339,-0.03286,-0.15971,0.16063,-0.2497,0.13665,0.07758,-0.04676,-0.11989,-0.06169,-0.29048,0.13677,0.03873,-0.03488,-0.09314,-0.10456,-0.33646,0.12332,0.03815,-0.05284,-0.04753,-0.07414,-0.34695,0.13863,0.0492,-0.05395,-0.10135,-0.06085,-0.30019,0.07645,0.00762,0.08794,-0.07354,-0.00164,-0.08686,0.02843,-0.34246,0.26071,0.0188,-0.30351,-0.14892,-0.03067,-0.54596,0.51001,0.0072,-0.69616,-0.05163,-0.05452,-0.57163,0.54274,0.00776,-0.72738,-0.07855,-0.00277,-0.61753,0.54648,0.08491,-0.73641,-0.17534
0.02715,0.60325,-0.35005,0.03317,0.63275,-0.335,0.03576,0.6308,-0.3229,0.03408,0.63154,-0.32712,0.01129,0.63895,-0.36623,0.01328,0.63628,-0.3808,0.01796,0.62632,-0.35883,0.03303,0.63124,-0.21349,-0.09164,0.5695,-0.29603,0.03724,0.59813,-0.29135,0.00677,0.55943,-0.34349,0.07554,0.48111,-0.04436,-0.14492,0.48771,-0.18658,0.08186,0.28252,-0.0151,-0.16033,0.16188,-0.24647,0.11054,0.0745,-0.01813,-0.11218,-0.0603,-0.28744,0.10673,0.03508,-0.00334,-0.08394,-0.10256,-0.3363,0.09675,0.03301,-0.02195,-0.03705,-0.0737,-0.34451,0.11339,0.04551,-0.02492,-0.09319,-0.05954,-0.2981,0.07639,0.00783,0.08774,-0.07355,-0.00181,-0.08664,0.05676,-0.34312,0.24796,0.0081,-0.30348,-0.14798,-0.00576,-0.55592,0.50011,-0.00418,-0.68627,-0.04771,-0.03119,-0.58283,0.53104,-0.00227,-0.7165,-0.07516,0.00657,-0.62828,0.53005,0.07198,-0.7238,-0.16409
0.02431,0.60635,-0.34934,0.02923,0.63612,-0.3352,0.03158,0.63447,-0.32297,0.02986,0.63493,-0.32716,0.00846,0.64262,-0.36581,0.01042,0.64008,-0.38012,0.01531,0.62974,-0.35822,0.0236,0.63503,-0.21484,-0.09502,0.5741,-0.29659,0.03165,0.60103,-0.29108,0.0035,0.56285,-0.34285,0.06509,0.48372,-0.04635,-0.14909,0.48852,-0.18667,0.07207,0.28181,-0.01021,-0.15949,0.16258,-0.24541,0.11503,0.07243,-0.00868,-0.08164,-0.05911,-0.2877,0.11431,0.0347,0.0075,-0.0439,-0.10129,-0.34011,0.10744,0.03112,-0.01123,0.00558,-0.06717,-0.34373,0.12007,0.04325,-0.01548,-0.05987,-0.05918,-0.29751,0.07637,0.00769,0.08669,-0.07361,-0.00175,-0.08512,0.08813,-0.37272,0.16064,-0.01018,-0.30152,-0.14483,-0.01897,-0.5385,0.45054,-0.01971,-0.6667,0.01154,-0.05202,-0.55819,0.48835,-0.01714,-0.69591,-0.00901,-0.03652,-0.61507,0.49452,0.05182,-0.70584,-0.10023
0.02439,0.60601,-0.35123,0.02947,0.63565,-0.33715,0.0318,0.63397,-0.32495,0.03012,0.63449,-0.32921,0.00865,0.64224,-0.36754,0.01058,0.63971,-0.38191,0.01546,0.62936,-0.35996,0.02467,0.635,-0.21686,-0.09432,0.57432,-0.29699,0.03199,0.6008,-0.29302,0.00377,0.56287,-0.34447,0.06594,0.4839,-0.04803,-0.14947,0.48857,-0.18876,0.07814,0.28109,-0.01369,-0.15614,0.16192,-0.24655,0.12991,0.07243,-0.01732,-0.04995,-0.05828,-0.28991,0.13174,0.03698,-0.00257,-0.00425,-0.09944,-0.34585,0.12108,0.03438,-0.02145,0.04827,-0.05729,-0.34641,0.13415,0.04395,-0.02443,-0.02499,-0.05669,-0.2989,0.07638,0.00791,0.08656,-0.07375,-0.00202,-0.08502,0.10952,-0.37255,0.16791,-0.01114,-0.30047,-0.14179,0.01105,-0.54268,0.44171,-0.02132,-0.65977,0.01545,-0.02065,-0.56439,0.47781,-0.01848,-0.68841,-0.00551,-0.00548,-0.61924,0.48346,0.04989,-0.70108,-0.09461
0.0267,0.6059,-0.34512,0.03094,0.63541,-0.332,0.03311,0.63372,-0.3198,0.0315,0.6343,-0.32427,0.01168,0.64227,-0.36372,0.01366,0.63974,-0.37817,0.01896,0.62949,-0.35615,0.02308,0.63535,-0.21478,-0.09313,0.5761,-0.29772,0.03247,0.60099,-0.28764,0.00509,0.56356,-0.34134,0.05864,0.48457,-0.04472,-0.14982,0.49026,-0.19369,0.05637,0.27062,-0.00764,-0.14761,0.16084,-0.25116,0.11899,0.06782,-0.01086,-0.0324,-0.05751,-0.29345,0.1229,0.03614,0.0041,0.01346,-0.09387,-0.35159,0.11976,0.03222,-0.01427,0.06312,-0.04725,-0.35103,0.12732,0.04129,-0.01799,-0.00873,-0.05199,-0.30206,0.07633,0.00804,0.08794,-0.07376,-0.0022,-0.0863,0.13958,-0.37143,0.16313,-0.01575,-0.29779,-0.16019,0.02447,-0.55286,0.40418,-0.02532,-0.64855,0.01205,-0.00662,-0.5771,0.43615,-0.02226,-0.67599,-0.00766,0.04126,-0.62782,0.43184,0.0497,-0.68811,-0.09606
0.02713,0.60636,-0.34359,0.03111,0.63585,-0.3307,0.03319,0.6342,-0.31834,0.03158,0.63467,-0.32297,0.01242,0.6427,-0.3622,0.01435,0.64023,-0.37677,0.01985,0.6299,-0.3548,0.02071,0.63625,-0.2154,-0.0927,0.57673,-0.29883,0.03255,0.60172,-0.28715,0.00529,0.56444,-0.34082,0.05447,0.48497,-0.04648,-0.14999,0.48983,-0.19654,0.05438,0.26621,-0.01248,-0.13882,0.15692,-0.25329,0.11602,0.06724,-0.01873,-0.02342,-0.05721,-0.29293,0.11745,0.03432,-0.00494,0.02124,-0.0916,-0.3501,0.11611,0.03027,-0.02352,0.06958,-0.04356,-0.34987,0.12434,0.04017,-0.02614,-0.00114,-0.05001,-0.30149,0.07581,0.00863,0.0868,-0.07341,-0.00305,-0.08509,0.13221,-0.37121,0.14365,-0.01817,-0.30441,-0.12669,0.04243,-0.55264,0.3772,-0.02522,-0.64486,0.08135,0.01575,-0.57723,0.40877,-0.02173,-0.67163,0.06249,0.07986,-0.6245,0.40414,0.04813,-0.69365,-0.01344
